projectKey,idTicket,ticketKey,creationDateTicket,resolutionDateTicket,fixVersion,fixVersionReleaseDate,affectedVersionsCount,affectedVersions,openingVersion,openingVersionReleaseDate,injectionVersion,injectionVersionReleaseDate
ZOOKEEPER,13633310,ZOOKEEPER-4989,2025-11-04T12:47:22,2025-11-10T13:26:18,3.9.5,2026-03-06,1,3.9.4,3.8.5,2025-09-18,3.9.4,2025-08-29
ZOOKEEPER,13628539,ZOOKEEPER-4974,2025-09-10T07:33:50,2025-09-12T20:04:48,3.9.5,2026-03-06,5,3.9.2|3.9.3|3.9.4|3.8.5|3.8.6,3.9.4,2025-08-29,3.9.2,2024-03-12
ZOOKEEPER,13626447,ZOOKEEPER-4958,2025-08-15T10:56:32,2025-12-14T13:49:36,3.9.5,2026-03-06,2,3.8.4|3.9.3,3.9.3,2024-10-24,3.8.4,2024-03-05
ZOOKEEPER,13621180,ZOOKEEPER-4940,2025-06-18T04:12:18,2025-07-29T20:04:32,3.9.4,2025-08-29,1,3.9.3,3.9.3,2024-10-24,3.9.3,2024-10-24
ZOOKEEPER,13618680,ZOOKEEPER-4932,2025-05-20T14:59:34,2025-08-25T22:01:26,3.9.4,2025-08-29,2,3.9.2|3.9.3,3.9.3,2024-10-24,3.9.2,2024-03-12
ZOOKEEPER,13616749,ZOOKEEPER-4925,2025-04-30T02:21:36,2025-06-10T17:41:26,3.9.4,2025-08-29,1,3.9.3,3.9.3,2024-10-24,3.9.3,2024-10-24
ZOOKEEPER,13616163,ZOOKEEPER-4921,2025-04-23T17:51:59,2025-05-11T02:20:55,3.9.4,2025-08-29,1,3.9.3,3.9.3,2024-10-24,3.9.3,2024-10-24
ZOOKEEPER,13612043,ZOOKEEPER-4907,2025-03-17T09:56:48,2025-03-25T10:40:38,3.9.4,2025-08-29,2,3.9.2|3.9.3,3.9.3,2024-10-24,3.9.2,2024-03-12
ZOOKEEPER,13599957,ZOOKEEPER-4890,2024-11-25T19:53:16,2025-08-25T20:27:43,3.9.4,2025-08-29,2,3.9.2|3.9.3,3.9.3,2024-10-24,3.9.2,2024-03-12
ZOOKEEPER,13594841,ZOOKEEPER-4872,2024-10-10T00:28:13,2024-11-27T01:19:20,3.9.4,2025-08-29,3,3.9.1|3.9.2|3.9.3,3.9.2,2024-03-12,3.9.1,2023-10-09
ZOOKEEPER,13594826,ZOOKEEPER-4871,2024-10-09T21:11:01,2025-09-17T20:51:45,3.9.5,2026-03-06,7,3.9.1|3.8.4|3.9.2|3.9.3|3.9.4|3.8.5|3.8.6,3.9.2,2024-03-12,3.9.1,2023-10-09
ZOOKEEPER,13591355,ZOOKEEPER-4858,2024-09-07T01:49:39,2024-12-21T04:15:52,3.9.4,2025-08-29,4,3.9.0|3.9.1|3.9.2|3.9.3,3.9.2,2024-03-12,3.9.0,2023-08-03
ZOOKEEPER,13588088,ZOOKEEPER-4848,2024-08-07T06:06:10,2024-10-18T01:45:04,3.9.4,2025-08-29,2,3.8.4|3.9.2,3.9.2,2024-03-12,3.8.4,2024-03-05
ZOOKEEPER,13582975,ZOOKEEPER-4839,2024-06-18T03:27:21,2024-09-25T00:47:01,3.9.3,2024-10-24,2,3.5.10|3.9.2,3.9.2,2024-03-12,3.5.10,2022-06-04
ZOOKEEPER,13573337,ZOOKEEPER-4819,2024-03-26T12:15:19,2024-11-27T01:55:21,3.9.4,2025-08-29,2,3.8.4|3.9.2,3.9.2,2024-03-12,3.8.4,2024-03-05
ZOOKEEPER,13571158,ZOOKEEPER-4814,2024-03-07T15:08:37,2024-08-11T16:14:48,3.9.3,2024-10-24,1,3.9.0,3.8.4,2024-03-05,3.9.0,2023-08-03
ZOOKEEPER,13569151,ZOOKEEPER-4810,2024-02-20T07:30:42,2025-06-23T07:33:42,3.9.4,2025-08-29,9,3.8.1|3.8.2|3.9.0|3.7.2|3.8.3|3.9.1|3.8.4|3.9.2|3.9.3,3.7.2,2023-10-09,3.8.1,2023-01-30
ZOOKEEPER,13567851,ZOOKEEPER-4804,2024-02-08T07:56:56,2024-03-09T05:32:07,3.9.3,2024-10-24,1,3.8.3,3.7.2,2023-10-09,3.8.3,2023-10-09
ZOOKEEPER,13564433,ZOOKEEPER-4785,2024-01-12T00:00:54,2024-03-20T19:10:24,3.9.2,2024-03-12,7,3.8.0|3.7.1|3.8.1|3.8.2|3.7.2|3.9.1|3.8.4,3.7.2,2023-10-09,3.8.0,2022-03-07
ZOOKEEPER,13554175,ZOOKEEPER-4762,2023-10-16T06:34:57,2024-03-20T19:06:50,3.8.4,2024-03-05,1,3.8.3,3.7.2,2023-10-09,3.8.3,2023-10-09
ZOOKEEPER,13553625,ZOOKEEPER-4758,2023-10-11T06:27:56,2024-03-20T19:07:12,3.8.4,2024-03-05,1,3.8.3,3.7.2,2023-10-09,3.8.3,2023-10-09
ZOOKEEPER,13547329,ZOOKEEPER-4736,2023-08-15T03:48:56,2025-10-30T20:22:25,3.9.5,2026-03-06,4,3.7.0|3.6.3|3.8.0|3.9.0,3.9.0,2023-08-03,3.7.0,2021-03-27
ZOOKEEPER,13546203,ZOOKEEPER-4733,2023-08-05T01:13:59,2024-09-10T16:46:01,3.9.3,2024-10-24,1,3.8.2,3.9.0,2023-08-03,3.8.2,2023-07-18
ZOOKEEPER,13544969,ZOOKEEPER-4725,2023-07-26T13:23:06,2025-03-24T18:55:43,3.9.4,2025-08-29,1,3.8.2,3.8.2,2023-07-18,3.8.2,2023-07-18
ZOOKEEPER,13543217,ZOOKEEPER-4719,2023-07-12T05:43:02,2023-07-17T10:22:14,3.9.0,2023-08-03,3,3.6.4|3.8.1|3.8.2,3.8.1,2023-01-30,3.6.4,2022-12-22
ZOOKEEPER,13541926,ZOOKEEPER-4712,2023-06-29T10:59:11,2024-09-20T19:10:41,3.9.3,2024-10-24,9,3.7.0|3.6.3|3.8.0|3.7.1|3.5.10|3.6.4|3.8.1|3.9.0|3.9.1,3.8.1,2023-01-30,3.7.0,2021-03-27
ZOOKEEPER,13537544,ZOOKEEPER-4699,2023-05-24T20:12:28,2024-10-18T01:52:55,3.9.4,2025-08-29,1,3.8.1,3.8.1,2023-01-30,3.8.1,2023-01-30
ZOOKEEPER,13469082,ZOOKEEPER-4565,2022-06-29T11:06:30,2022-07-26T07:40:22,3.7.2,2023-10-09,5,3.6.3|3.8.0|3.7.1|3.8.1|3.9.0,3.5.10,2022-06-04,3.6.3,2021-04-13
ZOOKEEPER,13446965,ZOOKEEPER-4549,2022-05-26T07:58:09,2022-06-17T11:31:09,3.9.0,2023-08-03,7,3.6.3|3.8.0|3.7.1|3.5.10|3.6.4|3.8.1|3.8.2,3.7.1,2022-05-12,3.6.3,2021-04-13
ZOOKEEPER,13437158,ZOOKEEPER-4508,2022-04-01T07:37:35,2024-09-23T22:27:32,3.9.3,2024-10-24,3,3.7.0|3.6.3|3.8.0,3.8.0,2022-03-07,3.7.0,2021-03-27
ZOOKEEPER,13429906,ZOOKEEPER-4475,2022-02-22T10:43:10,2023-02-22T09:23:26,3.9.0,2023-08-03,2,3.7.0|3.6.3,3.6.3,2021-04-13,3.7.0,2021-03-27
ZOOKEEPER,13429617,ZOOKEEPER-4471,2022-02-21T04:05:06,2023-06-13T13:35:12,3.9.0,2023-08-03,2,3.7.0|3.6.3,3.6.3,2021-04-13,3.7.0,2021-03-27
ZOOKEEPER,13427917,ZOOKEEPER-4466,2022-02-11T04:09:58,2023-05-05T07:59:17,3.9.0,2023-08-03,2,3.6.3|3.6.4,3.6.3,2021-04-13,3.6.3,2021-04-13
ZOOKEEPER,13427625,ZOOKEEPER-4465,2022-02-10T01:20:25,2022-02-15T11:31:12,3.8.0,2022-03-07,1,3.6.2,3.6.3,2021-04-13,3.6.2,2020-09-09
ZOOKEEPER,13419975,ZOOKEEPER-4433,2021-12-30T06:48:04,2022-02-08T15:51:59,3.5.10,2022-06-04,1,3.5.9,3.6.3,2021-04-13,3.5.9,2021-01-14
ZOOKEEPER,13411703,ZOOKEEPER-4415,2021-11-15T04:52:02,2023-10-02T04:50:16,3.9.2,2024-03-12,1,3.7.0,3.6.3,2021-04-13,3.7.0,2021-03-27
ZOOKEEPER,13409384,ZOOKEEPER-4409,2021-11-01T08:15:49,2024-05-02T08:19:51,3.9.3,2024-10-24,2,3.7.0|3.9.2,3.6.3,2021-04-13,3.7.0,2021-03-27
ZOOKEEPER,13409306,ZOOKEEPER-4406,2021-10-31T05:41:56,2021-10-31T06:08:52,3.8.0,2022-03-07,2,3.7.0|3.6.3,3.6.3,2021-04-13,3.7.0,2021-03-27
ZOOKEEPER,13405756,ZOOKEEPER-4394,2021-10-09T08:47:52,2024-09-19T15:34:35,3.9.3,2024-10-24,1,3.7.0,3.6.3,2021-04-13,3.7.0,2021-03-27
ZOOKEEPER,13400335,ZOOKEEPER-4372,2021-09-09T21:50:35,2021-10-02T06:00:09,3.8.0,2022-03-07,2,3.7.0|3.6.3,3.6.3,2021-04-13,3.7.0,2021-03-27
ZOOKEEPER,13398183,ZOOKEEPER-4360,2021-08-30T09:49,2021-09-02T16:51:39,3.6.4,2022-12-22,3,3.6.2|3.8.0|3.7.1,3.6.3,2021-04-13,3.6.2,2020-09-09
ZOOKEEPER,13393409,ZOOKEEPER-4342,2021-08-04T07:47:07,2021-08-25T12:15:33,3.7.1,2022-05-12,2,3.7.0|3.8.0,3.6.3,2021-04-13,3.7.0,2021-03-27
ZOOKEEPER,13386457,ZOOKEEPER-4331,2021-06-29T08:15:33,2021-08-03T09:56:30,3.6.4,2022-12-22,5,3.5.5|3.7.0|3.6.3|3.7.1|3.5.10,3.6.3,2021-04-13,3.5.5,2019-05-20
ZOOKEEPER,13385346,ZOOKEEPER-4325,2021-06-23T07:48:40,2021-07-18T07:19:35,3.8.0,2022-03-07,1,3.6.2,3.6.3,2021-04-13,3.6.2,2020-09-09
ZOOKEEPER,13381685,ZOOKEEPER-4311,2021-06-02T11:57:37,2021-06-21T11:16:20,3.8.0,2022-03-07,2,3.7.0|3.6.3,3.6.3,2021-04-13,3.7.0,2021-03-27
ZOOKEEPER,13381291,ZOOKEEPER-4309,2021-05-31T13:13:04,2021-06-14T09:46:28,3.7.1,2022-05-12,3,3.7.0|3.6.3|3.8.0,3.6.3,2021-04-13,3.7.0,2021-03-27
ZOOKEEPER,13378904,ZOOKEEPER-4296,2021-05-17T23:11:58,2023-02-27T14:41:55,3.9.0,2023-08-03,4,3.5.3|3.6.2|3.5.9|3.6.3,3.6.3,2021-04-13,3.5.3,2017-04-17
ZOOKEEPER,13369780,ZOOKEEPER-4275,2021-04-06T11:54:08,2021-04-19T06:55:14,3.6.4,2022-12-22,4,3.5.9|3.8.0|3.7.1|3.5.10,3.7.0,2021-03-27,3.5.9,2021-01-14
ZOOKEEPER,13367835,ZOOKEEPER-4262,2021-03-26T11:35:17,2021-04-21T17:20:49,3.5.10,2022-06-04,7,3.5.8|3.6.2|3.5.9|3.7.0|3.6.3|3.8.0|3.7.1,3.5.9,2021-01-14,3.5.8,2020-05-11
ZOOKEEPER,13367375,ZOOKEEPER-4260,2021-03-24T22:39:40,2021-03-29T16:18:49,3.6.3,2021-04-13,1,3.6.2,3.5.9,2021-01-14,3.6.2,2020-09-09
ZOOKEEPER,13364060,ZOOKEEPER-4247,2021-03-12T08:49:46,2021-04-14T16:56:11,3.6.4,2022-12-22,3,3.6.2|3.8.0|3.7.1,3.5.9,2021-01-14,3.6.2,2020-09-09
ZOOKEEPER,13363473,ZOOKEEPER-4240,2021-03-10T08:56:53,2025-08-19T17:59:48,3.9.4,2025-08-29,1,3.6.2,3.5.9,2021-01-14,3.6.2,2020-09-09
ZOOKEEPER,13361134,ZOOKEEPER-4225,2021-02-26T08:35:09,2021-03-09T16:16:25,3.6.3,2021-04-13,3,3.6.2|3.5.9|3.7.0,3.5.9,2021-01-14,3.6.2,2020-09-09
ZOOKEEPER,13361132,ZOOKEEPER-4224,2021-02-26T08:26:24,2021-03-09T11:19:09,3.6.3,2021-04-13,3,3.6.2|3.5.9|3.7.0,3.5.9,2021-01-14,3.6.2,2020-09-09
ZOOKEEPER,13361115,ZOOKEEPER-4223,2021-02-26T07:12:46,2021-03-09T07:16:16,3.6.3,2021-04-13,1,3.6.2,3.5.9,2021-01-14,3.6.2,2020-09-09
ZOOKEEPER,13360582,ZOOKEEPER-4222,2021-02-24T10:15:46,2021-02-25T12:07:16,3.6.3,2021-04-13,1,3.6.2,3.5.9,2021-01-14,3.6.2,2020-09-09
ZOOKEEPER,13358672,ZOOKEEPER-4210,2021-02-15T14:50:13,2021-03-09T20:30:28,3.8.0,2022-03-07,3,3.4.14|3.6.2|3.7.0,3.5.9,2021-01-14,3.4.14,2019-04-02
ZOOKEEPER,13356741,ZOOKEEPER-4200,2021-02-04T11:34:08,2021-02-17T19:19:35,3.7.0,2021-03-27,2,3.6.2|3.5.9,3.5.9,2021-01-14,3.6.2,2020-09-09
ZOOKEEPER,13356733,ZOOKEEPER-4199,2021-02-04T10:56:42,2021-02-18T08:42:19,3.7.0,2021-03-27,2,3.6.2|3.5.9,3.5.9,2021-01-14,3.6.2,2020-09-09
ZOOKEEPER,13343881,ZOOKEEPER-4020,2020-12-03T00:02:31,2024-12-07T05:59:33,3.9.4,2025-08-29,1,3.6.2,3.6.2,2020-09-09,3.6.2,2020-09-09
ZOOKEEPER,13341870,ZOOKEEPER-4011,2020-11-20T22:35:48,2020-11-22T03:48:50,3.6.3,2021-04-13,5,3.6.1|3.5.8|3.6.2|3.5.9|3.7.0,3.6.2,2020-09-09,3.6.1,2020-04-30
ZOOKEEPER,13341547,ZOOKEEPER-4007,2020-11-19T09:51:43,2021-02-08T12:11:13,3.8.0,2022-03-07,6,3.6.1|3.5.8|3.6.2|3.5.9|3.7.0|3.6.3,3.6.2,2020-09-09,3.6.1,2020-04-30
ZOOKEEPER,13339322,ZOOKEEPER-3996,2020-11-07T12:28:25,2023-06-19T09:07:58,3.9.0,2023-08-03,14,3.5.6|3.5.7|3.6.1|3.5.8|3.6.2|3.5.9|3.7.0|3.6.3|3.8.0|3.7.1|3.5.10|3.6.4|3.8.1|3.8.2,3.6.2,2020-09-09,3.5.6,2019-10-17
ZOOKEEPER,13339123,ZOOKEEPER-3994,2020-11-06T07:19:03,2020-11-16T15:39:17,3.7.0,2021-03-27,3,3.5.8|3.6.2|3.5.9,3.6.2,2020-09-09,3.5.8,2020-05-11
ZOOKEEPER,13338368,ZOOKEEPER-3988,2020-11-02T08:48:24,2022-01-25T13:12:44,3.6.4,2022-12-22,3,3.6.1|3.8.0|3.7.1,3.6.2,2020-09-09,3.6.1,2020-04-30
ZOOKEEPER,13336135,ZOOKEEPER-3979,2020-10-19T19:40:55,2020-11-16T08:05:10,3.7.0,2021-03-27,3,3.5.8|3.6.2|3.5.9,3.6.2,2020-09-09,3.5.8,2020-05-11
ZOOKEEPER,13330682,ZOOKEEPER-3951,2020-10-03T13:40:10,2020-10-12T06:44:31,3.7.0,2021-03-27,1,3.6.2,3.6.2,2020-09-09,3.6.2,2020-09-09
ZOOKEEPER,13329196,ZOOKEEPER-3944,2020-09-24T11:43:30,2020-09-28T07:27:38,3.7.0,2021-03-27,1,3.6.2,3.6.2,2020-09-09,3.6.2,2020-09-09
ZOOKEEPER,13328840,ZOOKEEPER-3943,2020-09-22T17:43:50,2021-01-24T18:19:31,3.8.0,2022-03-07,2,3.6.2|3.7.0,3.6.2,2020-09-09,3.6.2,2020-09-09
ZOOKEEPER,13327849,ZOOKEEPER-3937,2020-09-16T10:59:32,2020-09-28T07:23:57,3.7.0,2021-03-27,3,3.5.8|3.6.2|3.5.9,3.6.2,2020-09-09,3.5.8,2020-05-11
ZOOKEEPER,13326593,ZOOKEEPER-3931,2020-09-09T05:31:18,2021-04-04T05:15:34,3.6.3,2021-04-13,5,3.6.1|3.5.8|3.6.2|3.5.9|3.7.0,3.6.2,2020-09-09,3.6.1,2020-04-30
ZOOKEEPER,13324679,ZOOKEEPER-3920,2020-08-26T17:15:03,2020-09-10T03:11:15,3.6.2,2020-09-09,1,3.6.1,3.5.8,2020-05-11,3.6.1,2020-04-30
ZOOKEEPER,13320911,ZOOKEEPER-3908,2020-08-04T17:22:30,2022-05-04T14:50:34,3.9.0,2023-08-03,3,3.4.14|3.6.1|3.5.8,3.5.8,2020-05-11,3.4.14,2019-04-02
ZOOKEEPER,13316984,ZOOKEEPER-3891,2020-07-15T17:18:47,2020-07-29T10:01:22,3.7.0,2021-03-27,5,3.5.7|3.6.1|3.5.8|3.6.2|3.5.9,3.5.8,2020-05-11,3.5.7,2020-02-14
ZOOKEEPER,13311578,ZOOKEEPER-3863,2020-06-15T23:19:59,2020-09-17T05:36:05,3.7.0,2021-03-27,5,3.5.7|3.6.1|3.5.8|3.6.2|3.5.9,3.5.8,2020-05-11,3.5.7,2020-02-14
ZOOKEEPER,13295559,ZOOKEEPER-3782,2020-04-01T15:23:36,2020-04-08T12:05:29,3.7.0,2021-03-27,7,3.5.5|3.5.6|3.5.7|3.6.1|3.5.8|3.6.2|3.5.9,3.5.7,2020-02-14,3.5.5,2019-05-20
ZOOKEEPER,13295414,ZOOKEEPER-3778,2020-04-01T04:24:14,2020-04-01T06:41:09,3.6.1,2020-04-30,2,3.5.6|3.5.7,3.5.7,2020-02-14,3.5.6,2019-10-17
ZOOKEEPER,13295349,ZOOKEEPER-3776,2020-03-31T20:13:56,2020-04-02T16:53:42,3.6.1,2020-04-30,2,3.5.6|3.5.7,3.5.7,2020-02-14,3.5.6,2019-10-17
ZOOKEEPER,13292087,ZOOKEEPER-3760,2020-03-17T00:51:53,2020-03-26T17:47:50,3.5.8,2020-05-11,2,3.5.7|3.6.1,3.5.7,2020-02-14,3.5.7,2020-02-14
ZOOKEEPER,13291930,ZOOKEEPER-3758,2020-03-16T09:52:59,2020-03-19T16:10:45,3.6.1,2020-04-30,2,3.5.6|3.5.7,3.5.7,2020-02-14,3.5.6,2019-10-17
ZOOKEEPER,13291171,ZOOKEEPER-3756,2020-03-11T20:43:33,2020-03-23T15:20:55,3.5.8,2020-05-11,3,3.5.6|3.5.7|3.6.1,3.5.7,2020-02-14,3.5.6,2019-10-17
ZOOKEEPER,13290315,ZOOKEEPER-3748,2020-03-07T16:47:51,2020-03-14T16:49:30,3.7.0,2021-03-27,7,3.5.5|3.5.6|3.5.7|3.6.1|3.5.8|3.6.2|3.5.9,3.5.7,2020-02-14,3.5.5,2019-05-20
ZOOKEEPER,13283971,ZOOKEEPER-3719,2020-02-07T15:45:16,2020-02-09T13:55:28,3.5.7,2020-02-14,1,3.5.6,3.5.6,2019-10-17,3.5.6,2019-10-17
ZOOKEEPER,13283941,ZOOKEEPER-3718,2020-02-07T13:28:50,2020-02-10T07:14:36,3.5.7,2020-02-14,1,3.5.6,3.5.6,2019-10-17,3.5.6,2019-10-17
ZOOKEEPER,13282527,ZOOKEEPER-3710,2020-01-31T04:07:27,2020-01-31T11:01:42,3.7.0,2021-03-27,9,3.4.13|3.4.14|3.5.5|3.5.6|3.5.7|3.6.1|3.5.8|3.6.2|3.5.9,3.5.6,2019-10-17,3.4.13,2018-07-17
ZOOKEEPER,13280106,ZOOKEEPER-3698,2020-01-17T10:15:03,2020-01-23T12:44:13,3.7.0,2021-03-27,9,3.4.13|3.4.14|3.5.5|3.5.6|3.5.7|3.6.1|3.5.8|3.6.2|3.5.9,3.5.6,2019-10-17,3.4.13,2018-07-17
ZOOKEEPER,13277752,ZOOKEEPER-3674,2020-01-06T18:22:09,2020-02-18T15:14:59,3.5.7,2020-02-14,2,3.5.5|3.5.6,3.5.6,2019-10-17,3.5.5,2019-05-20
ZOOKEEPER,13275381,ZOOKEEPER-3656,2019-12-19T00:36:24,2020-01-07T19:39:46,3.7.0,2021-03-27,9,3.4.13|3.4.14|3.5.5|3.5.6|3.5.7|3.6.1|3.5.8|3.6.2|3.5.9,3.5.6,2019-10-17,3.4.13,2018-07-17
ZOOKEEPER,13275280,ZOOKEEPER-3654,2019-12-18T14:56:40,2020-03-25T11:10:40,3.7.0,2021-03-27,9,3.4.13|3.4.14|3.5.5|3.5.6|3.5.7|3.6.1|3.5.8|3.6.2|3.5.9,3.5.6,2019-10-17,3.4.13,2018-07-17
ZOOKEEPER,13274991,ZOOKEEPER-3653,2019-12-17T13:12:36,2019-12-19T08:55:12,3.7.0,2021-03-27,9,3.4.13|3.4.14|3.5.5|3.5.6|3.5.7|3.6.1|3.5.8|3.6.2|3.5.9,3.5.6,2019-10-17,3.4.13,2018-07-17
ZOOKEEPER,13274727,ZOOKEEPER-3651,2019-12-16T10:25:39,2019-12-16T21:13:20,3.7.0,2021-03-27,1,3.5.6,3.5.6,2019-10-17,3.5.6,2019-10-17
ZOOKEEPER,13271261,ZOOKEEPER-3633,2019-11-28T16:08:11,2019-12-03T09:02:20,3.5.7,2020-02-14,2,3.5.5|3.5.6,3.5.6,2019-10-17,3.5.5,2019-05-20
ZOOKEEPER,13263855,ZOOKEEPER-3590,2019-10-22T17:59:39,2019-11-22T22:43:14,3.5.7,2020-02-14,1,3.5.6,3.5.6,2019-10-17,3.5.6,2019-10-17
ZOOKEEPER,13262136,ZOOKEEPER-3579,2019-10-14T10:47:14,2020-04-16T10:52,3.7.0,2021-03-27,10,3.5.4|3.4.13|3.4.14|3.5.5|3.5.6|3.5.7|3.6.1|3.5.8|3.6.2|3.5.9,3.5.5,2019-05-20,3.5.4,2018-05-17
ZOOKEEPER,13259737,ZOOKEEPER-3563,2019-09-30T18:25:35,2019-10-08T13:17:12,3.5.6,2019-10-17,2,3.4.14|3.5.5,3.5.5,2019-05-20,3.4.14,2019-04-02
ZOOKEEPER,13258876,ZOOKEEPER-3559,2019-09-25T18:37:52,2019-09-27T11:22:05,3.5.6,2019-10-17,2,3.4.14|3.5.5,3.5.5,2019-05-20,3.4.14,2019-04-02
ZOOKEEPER,13252838,ZOOKEEPER-3518,2019-08-25T01:50:30,2019-08-25T19:34:27,3.5.6,2019-10-17,1,3.5.5,3.5.5,2019-05-20,3.5.5,2019-05-20
ZOOKEEPER,13250969,ZOOKEEPER-3510,2019-08-15T08:18:38,2019-08-23T10:16:23,3.5.6,2019-10-17,2,3.4.14|3.5.5,3.5.5,2019-05-20,3.4.14,2019-04-02
ZOOKEEPER,13249335,ZOOKEEPER-3498,2019-08-07T11:49:02,2019-08-08T15:05:03,3.5.6,2019-10-17,1,3.5.5,3.5.5,2019-05-20,3.5.5,2019-05-20
ZOOKEEPER,13249278,ZOOKEEPER-3496,2019-08-07T08:26:31,2019-09-26T06:56:44,3.5.7,2020-02-14,2,3.4.14|3.5.5,3.5.5,2019-05-20,3.4.14,2019-04-02
ZOOKEEPER,13241072,ZOOKEEPER-3440,2019-06-22T22:37:30,2019-06-28T22:38:39,3.5.6,2019-10-17,2,3.4.14|3.5.5,3.5.5,2019-05-20,3.4.14,2019-04-02
ZOOKEEPER,13240326,ZOOKEEPER-3433,2019-06-19T01:07:43,2019-06-25T13:51:08,3.5.6,2019-10-17,2,3.4.14|3.5.5,3.5.5,2019-05-20,3.4.14,2019-04-02
ZOOKEEPER,13238847,ZOOKEEPER-3426,2019-06-11T19:11:54,2021-01-13T08:29:16,3.7.0,2021-03-27,10,3.5.4|3.4.13|3.4.14|3.5.5|3.5.6|3.5.7|3.6.1|3.5.8|3.6.2|3.5.9,3.5.5,2019-05-20,3.5.4,2018-05-17
ZOOKEEPER,13236106,ZOOKEEPER-3405,2019-05-28T21:21:40,2019-05-30T13:56:15,3.5.6,2019-10-17,1,3.5.5,3.5.5,2019-05-20,3.5.5,2019-05-20
ZOOKEEPER,13235871,ZOOKEEPER-3404,2019-05-27T20:48:20,2019-05-28T14:08:13,3.5.6,2019-10-17,2,3.4.14|3.5.5,3.5.5,2019-05-20,3.4.14,2019-04-02
ZOOKEEPER,13222125,ZOOKEEPER-3320,2019-03-17T08:21:29,2019-08-13T11:36:39,3.5.6,2019-10-17,2,3.4.10|3.5.4,3.4.13,2018-07-17,3.4.10,2017-03-30
ZOOKEEPER,13211130,ZOOKEEPER-3253,2019-01-22T23:21:28,2019-03-08T04:10:40,3.5.5,2019-05-20,2,3.4.9|3.5.4,3.4.13,2018-07-17,3.4.9,2016-09-03
ZOOKEEPER,13206891,ZOOKEEPER-3231,2018-12-29T04:05:28,2021-09-10T03:38:54,3.7.0,2021-03-27,2,3.5.4|3.4.13,3.4.13,2018-07-17,3.5.4,2018-05-17
ZOOKEEPER,13185166,ZOOKEEPER-3148,2018-09-14T15:01:30,2018-09-25T11:25:58,3.4.14,2019-04-02,1,3.4.13,3.4.13,2018-07-17,3.4.13,2018-07-17
ZOOKEEPER,13181545,ZOOKEEPER-3131,2018-08-28T08:32:41,2018-09-07T00:35:17,3.5.5,2019-05-20,2,3.5.3|3.5.4,3.4.13,2018-07-17,3.5.3,2017-04-17
ZOOKEEPER,13180640,ZOOKEEPER-3127,2018-08-23T06:36:59,2018-09-05T20:36:06,3.5.5,2019-05-20,2,3.5.4|3.4.13,3.4.13,2018-07-17,3.5.4,2018-05-17
ZOOKEEPER,13180055,ZOOKEEPER-3125,2018-08-20T20:13:37,2018-11-08T18:56:26,3.5.5,2019-05-20,3,3.5.4|3.4.13|3.4.14,3.4.13,2018-07-17,3.5.4,2018-05-17
ZOOKEEPER,13177431,ZOOKEEPER-3113,2018-08-07T14:58:13,2018-10-18T09:19:01,3.5.5,2019-05-20,1,3.5.4,3.4.13,2018-07-17,3.5.4,2018-05-17
ZOOKEEPER,13174828,ZOOKEEPER-3105,2018-07-26T12:53:06,2018-07-30T01:22:55,3.5.6,2019-10-17,2,3.5.0|3.4.14,3.4.13,2018-07-17,3.5.0,2014-08-04
ZOOKEEPER,13174407,ZOOKEEPER-3104,2018-07-25T16:27:32,2018-08-03T16:53:19,3.5.5,2019-05-20,2,3.5.4|3.4.13,3.4.13,2018-07-17,3.5.4,2018-05-17
ZOOKEEPER,13173018,ZOOKEEPER-3093,2018-07-18T19:52:51,2018-07-19T17:32:26,3.5.5,2019-05-20,1,3.5.4,3.4.13,2018-07-17,3.5.4,2018-05-17
ZOOKEEPER,13165377,ZOOKEEPER-3059,2018-06-11T17:21:37,2018-06-25T10:31:11,3.5.5,2019-05-20,1,3.4.12,3.5.4,2018-05-17,3.4.12,2018-05-01
ZOOKEEPER,13164593,ZOOKEEPER-3057,2018-06-07T00:37:09,2018-10-13T14:00:17,3.5.7,2020-02-14,1,3.4.12,3.5.4,2018-05-17,3.4.12,2018-05-01
ZOOKEEPER,13164196,ZOOKEEPER-3056,2018-06-05T15:03:09,2019-09-03T06:54:03,3.5.6,2019-10-17,2,3.5.3|3.5.4,3.5.4,2018-05-17,3.5.3,2017-04-17
ZOOKEEPER,13160804,ZOOKEEPER-3051,2018-05-21T19:55:19,2018-05-23T03:34:47,3.5.5,2019-05-20,1,3.5.4,3.5.4,2018-05-17,3.5.4,2018-05-17
ZOOKEEPER,13160796,ZOOKEEPER-3050,2018-05-21T19:25:35,2018-05-22T04:37:51,3.5.5,2019-05-20,1,3.5.4,3.5.4,2018-05-17,3.5.4,2018-05-17
ZOOKEEPER,13158929,ZOOKEEPER-3042,2018-05-13T08:32:02,2018-07-10T10:18:08,3.5.5,2019-05-20,2,3.5.3|3.4.12,3.4.12,2018-05-01,3.5.3,2017-04-17
ZOOKEEPER,13158924,ZOOKEEPER-3041,2018-05-13T05:47:51,2018-05-16T17:36:03,3.5.5,2019-05-20,2,3.5.3|3.4.13,3.4.12,2018-05-01,3.5.3,2017-04-17
ZOOKEEPER,13157538,ZOOKEEPER-3034,2018-05-07T09:21:28,2019-02-26T15:39:22,3.5.5,2019-05-20,1,3.4.11,3.4.12,2018-05-01,3.4.11,2017-11-09
ZOOKEEPER,13148515,ZOOKEEPER-3014,2018-03-28T08:48:23,2018-03-29T16:09:22,3.4.12,2018-05-01,2,3.4.5|3.4.6,3.4.11,2017-11-09,3.4.5,2012-11-18
ZOOKEEPER,13142642,ZOOKEEPER-2993,2018-03-05T19:48:26,2018-05-23T03:44:16,3.5.5,2019-05-20,2,3.4.10|3.4.13,3.4.11,2017-11-09,3.4.10,2017-03-30
ZOOKEEPER,13141899,ZOOKEEPER-2988,2018-03-01T20:18:13,2018-04-30T04:35:29,3.4.13,2018-07-17,4,3.5.3|3.4.11|3.4.12|3.5.4,3.4.11,2017-11-09,3.5.3,2017-04-17
ZOOKEEPER,13126850,ZOOKEEPER-2960,2017-12-22T17:17:47,2018-01-08T09:40:34,3.4.12,2018-05-01,1,3.4.11,3.4.11,2017-11-09,3.4.11,2017-11-09
ZOOKEEPER,13126179,ZOOKEEPER-2959,2017-12-20T06:46:38,2018-05-10T04:03:32,3.4.13,2018-07-17,3,3.4.10|3.5.3|3.5.4,3.4.11,2017-11-09,3.4.10,2017-03-30
ZOOKEEPER,13106446,ZOOKEEPER-2913,2017-10-02T14:57:48,2018-09-05T14:16:35,3.5.5,2019-05-20,3,3.4.10|3.5.3|3.4.11,3.5.3,2017-04-17,3.4.10,2017-03-30
ZOOKEEPER,13100765,ZOOKEEPER-2894,2017-09-08T11:26:29,2019-07-09T00:22:36,3.5.6,2019-10-17,1,3.4.10,3.5.3,2017-04-17,3.4.10,2017-03-30
ZOOKEEPER,13099827,ZOOKEEPER-2891,2017-09-05T12:41:41,2019-08-06T00:00:25,3.5.6,2019-10-17,1,3.4.10,3.5.3,2017-04-17,3.4.10,2017-03-30
ZOOKEEPER,13084519,ZOOKEEPER-2836,2017-07-04T11:50:53,2020-03-31T10:28:24,3.7.0,2021-03-27,1,3.4.6,3.5.3,2017-04-17,3.4.6,2014-03-10
ZOOKEEPER,13082768,ZOOKEEPER-2822,2017-06-27T09:40:10,2018-11-27T08:59:04,3.5.5,2019-05-20,1,3.5.3,3.5.3,2017-04-17,3.5.3,2017-04-17
ZOOKEEPER,13080676,ZOOKEEPER-2811,2017-06-18T22:36:44,2017-07-06T16:53:36,3.4.11,2017-11-09,1,3.4.10,3.5.3,2017-04-17,3.4.10,2017-03-30
ZOOKEEPER,13080394,ZOOKEEPER-2809,2017-06-16T11:07:34,2017-09-11T22:08:10,3.4.11,2017-11-09,1,3.4.8,3.5.3,2017-04-17,3.4.8,2016-02-22
ZOOKEEPER,13071710,ZOOKEEPER-2783,2017-05-13T00:43:26,2017-06-11T18:59:46,3.5.4,2018-05-17,2,3.4.10|3.4.11,3.5.3,2017-04-17,3.4.10,2017-03-30
ZOOKEEPER,13069641,ZOOKEEPER-2778,2017-05-06T05:08:32,2018-12-07T12:12:08,3.5.5,2019-05-20,1,3.5.3,3.5.3,2017-04-17,3.5.3,2017-04-17
ZOOKEEPER,13069006,ZOOKEEPER-2774,2017-05-04T02:28:33,2017-05-18T21:31:31,3.4.11,2017-11-09,3,3.4.8|3.4.9|3.4.10,3.5.3,2017-04-17,3.4.8,2016-02-22
ZOOKEEPER,13064524,ZOOKEEPER-2759,2017-04-17T22:45:41,2017-04-27T21:15:27,3.4.11,2017-11-09,1,3.4.10,3.5.3,2017-04-17,3.4.10,2017-03-30
ZOOKEEPER,13059468,ZOOKEEPER-2740,2017-03-27T17:35:36,2017-07-20T17:42:48,3.4.11,2017-11-09,2,3.4.9|3.4.10,3.4.9,2016-09-03,3.4.9,2016-09-03
ZOOKEEPER,13057425,ZOOKEEPER-2728,2017-03-20T05:13:06,2017-06-19T10:36:45,3.4.11,2017-11-09,1,3.4.9,3.4.9,2016-09-03,3.4.9,2016-09-03
ZOOKEEPER,13049282,ZOOKEEPER-2712,2017-03-08T15:04:48,2017-03-22T01:52:05,3.4.10,2017-03-30,2,3.5.2|3.4.9,3.4.9,2016-09-03,3.5.2,2016-07-21
ZOOKEEPER,13045739,ZOOKEEPER-2706,2017-02-23T19:54:26,2017-03-23T02:14:56,3.4.10,2017-03-30,2,3.5.2|3.4.9,3.4.9,2016-09-03,3.5.2,2016-07-21
ZOOKEEPER,13042938,ZOOKEEPER-2694,2017-02-14T13:12:20,2019-05-23T16:43:28,3.5.6,2019-10-17,1,3.5.0,3.4.9,2016-09-03,3.5.0,2014-08-04
ZOOKEEPER,13041746,ZOOKEEPER-2689,2017-02-09T15:47:33,2017-02-13T18:13:38,3.4.10,2017-03-30,1,3.4.9,3.4.9,2016-09-03,3.4.9,2016-09-03
ZOOKEEPER,13036947,ZOOKEEPER-2671,2017-01-23T03:59:45,2017-01-23T06:55:29,3.4.10,2017-03-30,2,3.5.2|3.4.9,3.4.9,2016-09-03,3.5.2,2016-07-21
ZOOKEEPER,13028525,ZOOKEEPER-2646,2016-12-15T22:22:48,2016-12-22T04:48:53,3.4.10,2017-03-30,1,3.4.9,3.4.9,2016-09-03,3.4.9,2016-09-03
ZOOKEEPER,13017814,ZOOKEEPER-2627,2016-11-03T20:52:30,2016-12-03T17:17:27,3.5.3,2017-04-17,1,3.5.2,3.4.9,2016-09-03,3.5.2,2016-07-21
ZOOKEEPER,13015359,ZOOKEEPER-2621,2016-10-26T09:45:17,2019-03-18T05:27:19,3.5.5,2019-05-20,1,3.4.9,3.4.9,2016-09-03,3.4.9,2016-09-03
ZOOKEEPER,13011588,ZOOKEEPER-2614,2016-10-12T07:02:31,2017-08-01T15:55:37,3.4.11,2017-11-09,1,3.4.9,3.4.9,2016-09-03,3.4.9,2016-09-03
ZOOKEEPER,13002725,ZOOKEEPER-2552,2016-09-05T12:43:03,2016-12-15T10:14,3.4.10,2017-03-30,1,3.4.9,3.4.9,2016-09-03,3.4.9,2016-09-03
ZOOKEEPER,13000313,ZOOKEEPER-2537,2016-08-26T09:08:22,2016-09-12T22:13:03,3.5.3,2017-04-17,2,3.5.1|3.5.2,3.5.2,2016-07-21,3.5.1,2015-09-02
ZOOKEEPER,12994481,ZOOKEEPER-2498,2016-08-03T05:01:14,2016-08-03T18:22:01,3.5.3,2017-04-17,3,3.4.8|3.5.2|3.4.9,3.5.2,2016-07-21,3.4.8,2016-02-22
ZOOKEEPER,12993119,ZOOKEEPER-2491,2016-07-28T01:59:14,2017-07-27T22:03:54,3.5.4,2018-05-17,1,3.5.2,3.5.2,2016-07-21,3.5.2,2016-07-21
ZOOKEEPER,12986473,ZOOKEEPER-2463,2016-07-03T15:38:17,2016-11-24T16:31:19,3.5.3,2017-04-17,6,3.5.1|3.4.7|3.4.8|3.5.2|3.4.9|3.4.10,3.4.8,2016-02-22,3.5.1,2015-09-02
ZOOKEEPER,12985237,ZOOKEEPER-2457,2016-06-29T21:47:20,2016-06-29T21:55:13,3.5.2,2016-07-21,2,3.4.7|3.4.8,3.4.8,2016-02-22,3.4.7,2015-12-03
ZOOKEEPER,12982448,ZOOKEEPER-2452,2016-06-23T20:17:42,2016-08-11T16:14:03,3.4.9,2016-09-03,3,3.4.7|3.4.8|3.5.2,3.4.8,2016-02-22,3.4.7,2015-12-03
ZOOKEEPER,12936796,ZOOKEEPER-2360,2016-02-04T17:33:02,2016-02-05T00:33:19,3.5.2,2016-07-21,3,3.5.1|3.4.7|3.4.8,3.4.7,2015-12-03,3.5.1,2015-09-02
ZOOKEEPER,12922499,ZOOKEEPER-2347,2015-12-16T21:01:10,2016-01-14T05:22:33,3.4.8,2016-02-22,1,3.4.7,3.4.7,2015-12-03,3.4.7,2015-12-03
ZOOKEEPER,12920103,ZOOKEEPER-2337,2015-12-08T15:14:52,2015-12-08T15:44:46,3.5.2,2016-07-21,3,3.5.1|3.4.7|3.4.8,3.4.7,2015-12-03,3.5.1,2015-09-02
ZOOKEEPER,12916641,ZOOKEEPER-2332,2015-11-27T13:42:02,2024-09-18T20:35:31,3.9.3,2024-10-24,1,3.4.6,3.5.1,2015-09-02,3.4.6,2014-03-10
ZOOKEEPER,12915121,ZOOKEEPER-2329,2015-11-21T21:41:16,2015-11-21T23:35:49,3.5.2,2016-07-21,5,3.4.6|3.5.0|3.5.1|3.4.7|3.4.8,3.5.1,2015-09-02,3.4.6,2014-03-10
ZOOKEEPER,12914242,ZOOKEEPER-2323,2015-11-18T20:29:53,2016-08-11T20:00:24,3.5.2,2016-07-21,2,3.5.1|3.4.7,3.5.1,2015-09-02,3.5.1,2015-09-02
ZOOKEEPER,12911505,ZOOKEEPER-2317,2015-11-09T10:59:30,2018-05-30T00:30:40,3.5.5,2019-05-20,1,3.5.1,3.5.1,2015-09-02,3.5.1,2015-09-02
ZOOKEEPER,12907889,ZOOKEEPER-2304,2015-10-26T11:47:15,2015-12-06T20:39:33,3.5.2,2016-07-21,5,3.4.6|3.5.0|3.5.1|3.4.7|3.4.8,3.5.1,2015-09-02,3.4.6,2014-03-10
ZOOKEEPER,12907720,ZOOKEEPER-2301,2015-10-25T09:44:22,2015-12-07T05:01:22,3.5.2,2016-07-21,5,3.4.6|3.5.0|3.5.1|3.4.7|3.4.8,3.5.1,2015-09-02,3.4.6,2014-03-10
ZOOKEEPER,12905814,ZOOKEEPER-2296,2015-10-18T21:08:34,2015-10-21T22:12:37,3.4.7,2015-12-03,2,3.5.0|3.5.1,3.5.1,2015-09-02,3.5.0,2014-08-04
ZOOKEEPER,12901103,ZOOKEEPER-2284,2015-09-28T18:27:56,2019-02-22T09:45:08,3.5.5,2019-05-20,1,3.5.0,3.5.1,2015-09-02,3.5.0,2014-08-04
ZOOKEEPER,12901075,ZOOKEEPER-2282,2015-09-28T17:19:48,2019-09-27T13:43:56,3.5.7,2020-02-14,2,3.4.6|3.5.0,3.5.1,2015-09-02,3.4.6,2014-03-10
ZOOKEEPER,12862422,ZOOKEEPER-2268,2015-09-08T14:08,2015-10-03T21:04:47,3.5.2,2016-07-21,2,3.5.0|3.4.7,3.5.1,2015-09-02,3.5.0,2014-08-04
ZOOKEEPER,12859934,ZOOKEEPER-2261,2015-08-28T14:32:27,2018-09-10T22:18:09,3.5.5,2019-05-20,1,3.5.0,3.5.0,2014-08-04,3.5.0,2014-08-04
ZOOKEEPER,12834118,ZOOKEEPER-2199,2015-05-31T23:28:24,2015-06-01T06:36:58,3.5.1,2015-09-02,2,3.4.6|3.5.0,3.5.0,2014-08-04,3.4.6,2014-03-10
ZOOKEEPER,12828194,ZOOKEEPER-2184,2015-05-07T23:46:12,2018-06-22T22:11:10,3.5.5,2019-05-20,11,3.4.6|3.5.0|3.5.1|3.4.7|3.4.8|3.5.2|3.4.9|3.4.10|3.5.3|3.4.11|3.4.13,3.5.0,2014-08-04,3.4.6,2014-03-10
ZOOKEEPER,12770070,ZOOKEEPER-2108,2015-01-26T12:19:14,2022-05-04T14:50:21,3.9.0,2023-08-03,1,3.4.6,3.5.0,2014-08-04,3.4.6,2014-03-10
ZOOKEEPER,12764775,ZOOKEEPER-2101,2015-01-04T10:13:32,2018-03-26T13:30:59,3.5.4,2018-05-17,1,3.4.4,3.5.0,2014-08-04,3.4.4,2012-09-23
ZOOKEEPER,12743135,ZOOKEEPER-2044,2014-09-22T10:17:01,2017-01-31T16:40:19,3.4.10,2017-03-30,1,3.4.6,3.5.0,2014-08-04,3.4.6,2014-03-10
ZOOKEEPER,12740571,ZOOKEEPER-2033,2014-09-10T18:14:12,2015-09-03T23:00:56,3.4.7,2015-12-03,1,3.4.6,3.5.0,2014-08-04,3.4.6,2014-03-10
ZOOKEEPER,12728235,ZOOKEEPER-1969,2014-07-18T16:47:12,2014-07-18T17:05:11,3.5.0,2014-08-04,2,3.4.5|3.4.6,3.4.6,2014-03-10,3.4.5,2012-11-18
ZOOKEEPER,12726902,ZOOKEEPER-1964,2014-07-11T23:20:58,2014-07-14T17:46:29,3.5.0,2014-08-04,2,3.4.5|3.4.6,3.4.6,2014-03-10,3.4.5,2012-11-18
ZOOKEEPER,12722543,ZOOKEEPER-1943,2014-06-19T17:36:06,2014-06-23T00:07:29,3.4.7,2015-12-03,1,3.4.6,3.4.6,2014-03-10,3.4.6,2014-03-10
ZOOKEEPER,12718195,ZOOKEEPER-1933,2014-06-03T16:59:07,2014-07-25T16:58:40,3.5.0,2014-08-04,1,3.4.6,3.4.6,2014-03-10,3.4.6,2014-03-10
ZOOKEEPER,12716481,ZOOKEEPER-1929,2014-05-24T04:13:02,2015-11-21T20:15:47,3.5.2,2016-07-21,4,3.3.5|3.4.6|3.5.1|3.4.8,3.4.6,2014-03-10,3.3.5,2012-03-20
ZOOKEEPER,12712311,ZOOKEEPER-1923,2014-05-05T13:49:19,2014-05-08T21:47:12,3.5.0,2014-08-04,1,3.4.6,3.4.6,2014-03-10,3.4.6,2014-03-10
ZOOKEEPER,12707895,ZOOKEEPER-1910,2014-04-11T08:08:12,2014-04-29T02:31:19,3.5.0,2014-08-04,2,3.4.5|3.4.6,3.4.6,2014-03-10,3.4.5,2012-11-18
ZOOKEEPER,12701145,ZOOKEEPER-1892,2014-03-13T02:06:36,2014-03-13T03:41:05,3.5.0,2014-08-04,2,3.4.5|3.4.6,3.4.6,2014-03-10,3.4.5,2012-11-18
ZOOKEEPER,12695623,ZOOKEEPER-1883,2014-02-18T03:30:27,2014-03-13T20:58:49,3.5.0,2014-08-04,3,3.4.4|3.4.5|3.4.6,3.4.5,2012-11-18,3.4.4,2012-09-23
ZOOKEEPER,12689770,ZOOKEEPER-1864,2014-01-20T06:09:53,2014-05-17T11:30:47,3.5.0,2014-08-04,3,3.4.4|3.4.5|3.4.6,3.4.5,2012-11-18,3.4.4,2012-09-23
ZOOKEEPER,12685271,ZOOKEEPER-1847,2013-12-17T23:05:22,2014-02-05T21:31:38,3.5.0,2014-08-04,3,3.4.4|3.4.5|3.4.6,3.4.5,2012-11-18,3.4.4,2012-09-23
ZOOKEEPER,12685069,ZOOKEEPER-1845,2013-12-17T00:13:50,2013-12-17T22:35:01,3.4.6,2014-03-10,1,3.4.5,3.4.5,2012-11-18,3.4.5,2012-11-18
ZOOKEEPER,12685062,ZOOKEEPER-1843,2013-12-16T23:09:57,2014-04-26T21:17:54,3.5.0,2014-08-04,3,3.4.4|3.4.5|3.4.6,3.4.5,2012-11-18,3.4.4,2012-09-23
ZOOKEEPER,12684468,ZOOKEEPER-1839,2013-12-13T14:25:26,2013-12-16T04:21:55,3.5.0,2014-08-04,2,3.4.5|3.4.6,3.4.5,2012-11-18,3.4.5,2012-11-18
ZOOKEEPER,12684387,ZOOKEEPER-1836,2013-12-13T00:50:28,2014-05-15T20:40:10,3.5.0,2014-08-04,3,3.4.4|3.4.5|3.4.6,3.4.5,2012-11-18,3.4.4,2012-09-23
ZOOKEEPER,12683243,ZOOKEEPER-1833,2013-12-07T01:49:15,2015-11-03T14:46:43,3.4.7,2015-12-03,1,3.4.5,3.4.5,2012-11-18,3.4.5,2012-11-18
ZOOKEEPER,12681693,ZOOKEEPER-1823,2013-11-28T01:44:04,2018-09-12T11:33:16,3.5.5,2019-05-20,21,3.4.1|3.4.2|3.4.3|3.3.5|3.3.6|3.4.4|3.4.5|3.4.6|3.5.0|3.5.1|3.4.7|3.4.8|3.5.2|3.4.9|3.4.10|3.5.3|3.4.11|3.4.12|3.5.4|3.4.13|3.4.14,3.4.5,2012-11-18,3.4.1,2011-12-16
ZOOKEEPER,12677933,ZOOKEEPER-1811,2013-11-07T05:37:52,2014-02-10T21:33:02,3.5.0,2014-08-04,2,3.4.5|3.4.6,3.4.5,2012-11-18,3.4.5,2012-11-18
ZOOKEEPER,12676539,ZOOKEEPER-1805,2013-10-30T03:18:13,2014-03-13T18:25:33,3.4.6,2014-03-10,2,3.4.4|3.4.5,3.4.5,2012-11-18,3.4.4,2012-09-23
ZOOKEEPER,12675090,ZOOKEEPER-1799,2013-10-22T18:20:50,2013-10-22T23:17:10,3.5.0,2014-08-04,2,3.4.5|3.4.6,3.4.5,2012-11-18,3.4.5,2012-11-18
ZOOKEEPER,12672267,ZOOKEEPER-1781,2013-10-04T01:19:27,2013-10-07T23:38:49,3.5.0,2014-08-04,2,3.4.5|3.4.6,3.4.5,2012-11-18,3.4.5,2012-11-18
ZOOKEEPER,12671757,ZOOKEEPER-1776,2013-10-02T10:07:01,2013-10-02T10:51:30,3.5.0,2014-08-04,2,3.4.5|3.4.6,3.4.5,2012-11-18,3.4.5,2012-11-18
ZOOKEEPER,12671755,ZOOKEEPER-1775,2013-10-02T10:05:17,2013-10-02T10:52,3.5.0,2014-08-04,2,3.4.5|3.4.6,3.4.5,2012-11-18,3.4.5,2012-11-18
ZOOKEEPER,12671316,ZOOKEEPER-1770,2013-09-30T08:00:45,2013-10-01T23:46:31,3.5.0,2014-08-04,2,3.4.5|3.4.6,3.4.5,2012-11-18,3.4.5,2012-11-18
ZOOKEEPER,12670448,ZOOKEEPER-1764,2013-09-25T09:51:41,2013-09-25T17:05:30,3.4.6,2014-03-10,1,3.4.4,3.4.5,2012-11-18,3.4.4,2012-09-23
ZOOKEEPER,12667472,ZOOKEEPER-1756,2013-09-08T04:45:23,2013-12-16T21:50:34,3.5.0,2014-08-04,3,3.3.4|3.4.5|3.4.6,3.4.5,2012-11-18,3.3.4,2011-11-26
ZOOKEEPER,12667456,ZOOKEEPER-1755,2013-09-07T18:12:11,2014-02-19T01:38:55,3.5.0,2014-08-04,2,3.4.5|3.4.6,3.4.5,2012-11-18,3.4.5,2012-11-18
ZOOKEEPER,12666436,ZOOKEEPER-1751,2013-08-31T00:56:14,2013-09-18T02:08:52,3.5.0,2014-08-04,3,3.3.5|3.4.5|3.4.6,3.4.5,2012-11-18,3.3.5,2012-03-20
ZOOKEEPER,12665476,ZOOKEEPER-1745,2013-08-26T09:25:08,2014-04-25T01:58:02,3.5.0,2014-08-04,2,3.4.5|3.4.6,3.4.5,2012-11-18,3.4.5,2012-11-18
ZOOKEEPER,12665100,ZOOKEEPER-1744,2013-08-22T20:23:56,2013-10-24T05:12:36,3.5.0,2014-08-04,2,3.4.5|3.4.6,3.4.5,2012-11-18,3.4.5,2012-11-18
ZOOKEEPER,12658857,ZOOKEEPER-1733,2013-07-20T00:31:42,2013-12-18T15:48:59,3.5.0,2014-08-04,2,3.4.5|3.4.6,3.4.5,2012-11-18,3.4.5,2012-11-18
ZOOKEEPER,12658778,ZOOKEEPER-1732,2013-07-19T16:14:57,2013-10-30T03:22:24,3.5.0,2014-08-04,2,3.4.5|3.4.6,3.4.5,2012-11-18,3.4.5,2012-11-18
ZOOKEEPER,12658066,ZOOKEEPER-1731,2013-07-16T17:59:56,2013-08-02T17:45:21,3.4.6,2014-03-10,2,3.4.4|3.4.5,3.4.5,2012-11-18,3.4.4,2012-09-23
ZOOKEEPER,12651322,ZOOKEEPER-1714,2013-06-06T13:06:32,2013-06-21T20:01:11,3.5.0,2014-08-04,2,3.4.5|3.4.6,3.4.5,2012-11-18,3.4.5,2012-11-18
ZOOKEEPER,12651298,ZOOKEEPER-1713,2013-06-06T09:51:46,2013-09-02T20:23:07,3.5.0,2014-08-04,2,3.4.5|3.4.6,3.4.5,2012-11-18,3.4.5,2012-11-18
ZOOKEEPER,12650311,ZOOKEEPER-1711,2013-05-31T11:16:40,2013-08-29T13:22:59,3.4.6,2014-03-10,1,3.4.5,3.4.5,2012-11-18,3.4.5,2012-11-18
ZOOKEEPER,12647252,ZOOKEEPER-1706,2013-05-13T06:05:28,2013-05-13T07:34:49,3.5.0,2014-08-04,2,3.4.5|3.4.6,3.4.5,2012-11-18,3.4.5,2012-11-18
ZOOKEEPER,12646860,ZOOKEEPER-1702,2013-05-09T20:24:17,2013-07-01T23:24:41,3.5.0,2014-08-04,2,3.4.2|3.4.6,3.4.5,2012-11-18,3.4.2,2011-12-29
ZOOKEEPER,12644355,ZOOKEEPER-1696,2013-04-24T13:39:23,2013-09-27T23:26:07,3.5.0,2014-08-04,2,3.4.5|3.4.6,3.4.5,2012-11-18,3.4.5,2012-11-18
ZOOKEEPER,12637731,ZOOKEEPER-1673,2013-03-19T10:01:18,2014-04-25T21:41:23,3.5.0,2014-08-04,1,3.4.5,3.4.5,2012-11-18,3.4.5,2012-11-18
ZOOKEEPER,12637274,ZOOKEEPER-1670,2013-03-15T21:36:54,2013-10-01T21:32:01,3.5.0,2014-08-04,1,3.4.5,3.4.5,2012-11-18,3.4.5,2012-11-18
ZOOKEEPER,12636988,ZOOKEEPER-1667,2013-03-14T08:56:56,2013-10-22T10:56:58,3.5.0,2014-08-04,3,3.3.6|3.4.5|3.4.6,3.4.5,2012-11-18,3.3.6,2012-08-02
ZOOKEEPER,12636590,ZOOKEEPER-1663,2013-03-12T15:25:42,2013-05-20T17:12:13,3.5.0,2014-08-04,2,3.4.5|3.4.6,3.4.5,2012-11-18,3.4.5,2012-11-18
ZOOKEEPER,12634851,ZOOKEEPER-1657,2013-03-01T16:44:47,2013-09-18T10:58:58,3.5.0,2014-08-04,2,3.4.5|3.4.6,3.4.5,2012-11-18,3.4.5,2012-11-18
ZOOKEEPER,12634558,ZOOKEEPER-1655,2013-02-28T05:07:28,2013-10-01T21:42:57,3.5.0,2014-08-04,1,3.4.2,3.4.5,2012-11-18,3.4.2,2011-12-29
ZOOKEEPER,12634337,ZOOKEEPER-1653,2013-02-27T01:59:38,2013-11-26T23:44:21,3.4.6,2014-03-10,1,3.4.5,3.4.5,2012-11-18,3.4.5,2012-11-18
ZOOKEEPER,12631546,ZOOKEEPER-1643,2013-02-09T01:44:26,2013-02-20T05:26:47,3.4.11,2017-11-09,2,3.3.3|3.5.0,3.4.5,2012-11-18,3.3.3,2011-02-27
ZOOKEEPER,12631107,ZOOKEEPER-1641,2013-02-06T18:17:35,2013-02-16T01:00:08,3.5.0,2014-08-04,3,3.4.4|3.4.5|3.4.6,3.4.5,2012-11-18,3.4.4,2012-09-23
ZOOKEEPER,12630073,ZOOKEEPER-1636,2013-01-31T03:54:46,2018-12-10T14:29:32,3.5.5,2019-05-20,1,3.4.3,3.4.5,2012-11-18,3.4.3,2012-02-13
ZOOKEEPER,12629968,ZOOKEEPER-1633,2013-01-30T19:14:03,2013-04-02T06:32:44,3.4.6,2014-03-10,2,3.4.4|3.4.5,3.4.5,2012-11-18,3.4.4,2012-09-23
ZOOKEEPER,12629078,ZOOKEEPER-1628,2013-01-24T14:19:42,2013-01-25T07:09:06,3.5.0,2014-08-04,3,3.4.4|3.4.5|3.4.6,3.4.5,2012-11-18,3.4.4,2012-09-23
ZOOKEEPER,12625536,ZOOKEEPER-1613,2012-12-30T23:47:09,2013-01-25T07:29:33,3.5.0,2014-08-04,2,3.4.5|3.4.6,3.4.5,2012-11-18,3.4.5,2012-11-18
ZOOKEEPER,12622951,ZOOKEEPER-1599,2012-12-07T18:54:16,2013-09-17T22:30:50,3.4.6,2014-03-10,2,3.3.6|3.4.5,3.4.5,2012-11-18,3.3.6,2012-08-02
ZOOKEEPER,12615285,ZOOKEEPER-1578,2012-11-08T03:55:08,2012-12-17T07:13:02,3.5.0,2014-08-04,2,3.4.3|3.4.6,3.4.4,2012-09-23,3.4.3,2012-02-13
ZOOKEEPER,12611660,ZOOKEEPER-1562,2012-10-13T01:03:48,2013-02-03T06:42:17,3.5.0,2014-08-04,3,3.4.3|3.4.4|3.4.6,3.4.4,2012-09-23,3.4.3,2012-02-13
ZOOKEEPER,12610086,ZOOKEEPER-1554,2012-10-03T15:35:13,2013-10-30T04:21:35,3.5.0,2014-08-04,2,3.4.4|3.4.6,3.4.4,2012-09-23,3.4.4,2012-09-23
ZOOKEEPER,12609708,ZOOKEEPER-1551,2012-10-01T00:57:32,2013-10-08T16:34:35,3.5.0,2014-08-04,2,3.4.3|3.4.6,3.4.4,2012-09-23,3.4.3,2012-02-13
ZOOKEEPER,12609272,ZOOKEEPER-1550,2012-09-26T16:32:37,2012-09-28T17:06:59,3.4.5,2012-11-18,1,3.4.4,3.4.4,2012-09-23,3.4.4,2012-09-23
ZOOKEEPER,12606688,ZOOKEEPER-1548,2012-09-07T21:51:48,2013-08-29T14:22:03,3.4.6,2014-03-10,1,3.4.3,3.3.6,2012-08-02,3.4.3,2012-02-13
ZOOKEEPER,12604306,ZOOKEEPER-1538,2012-08-22T00:00:11,2012-09-07T06:23:20,3.5.0,2014-08-04,1,3.4.3,3.3.6,2012-08-02,3.4.3,2012-02-13
ZOOKEEPER,12603682,ZOOKEEPER-1536,2012-08-16T03:13:13,2012-08-30T20:38:28,3.5.0,2014-08-04,2,3.4.3|3.4.4,3.3.6,2012-08-02,3.4.3,2012-02-13
ZOOKEEPER,12602698,ZOOKEEPER-1531,2012-08-09T23:13:19,2013-09-03T06:53:56,3.5.0,2014-08-04,6,3.4.3|3.3.5|3.3.6|3.4.4|3.4.5|3.4.6,3.3.6,2012-08-02,3.4.3,2012-02-13
ZOOKEEPER,12599561,ZOOKEEPER-1514,2012-07-20T00:52:33,2012-08-02T22:29:52,3.5.0,2014-08-04,2,3.3.4|3.4.4,3.3.5,2012-03-20,3.3.4,2011-11-26
ZOOKEEPER,12599557,ZOOKEEPER-1513,2012-07-20T00:38:33,2012-12-12T06:52:29,3.5.0,2014-08-04,2,3.3.4|3.4.6,3.3.5,2012-03-20,3.3.4,2011-11-26
ZOOKEEPER,12597491,ZOOKEEPER-1501,2012-07-04T17:14:54,2012-09-07T06:30:53,3.5.0,2014-08-04,2,3.4.3|3.4.4,3.3.5,2012-03-20,3.4.3,2012-02-13
ZOOKEEPER,12596235,ZOOKEEPER-1496,2012-06-28T10:24:35,2012-09-17T07:58:01,3.5.0,2014-08-04,2,3.4.3|3.4.4,3.3.5,2012-03-20,3.4.3,2012-02-13
ZOOKEEPER,12596218,ZOOKEEPER-1495,2012-06-28T07:51:03,2013-01-25T01:37:19,3.5.0,2014-08-04,3,3.4.2|3.3.5|3.4.6,3.3.5,2012-03-20,3.4.2,2011-12-29
ZOOKEEPER,12595623,ZOOKEEPER-1494,2012-06-22T19:56:13,2012-09-10T07:04:28,3.5.0,2014-08-04,3,3.4.2|3.3.5|3.4.4,3.3.5,2012-03-20,3.4.2,2011-12-29
ZOOKEEPER,12595339,ZOOKEEPER-1493,2012-06-20T20:47:58,2012-07-29T05:35:34,3.5.0,2014-08-04,4,3.4.3|3.3.5|3.3.6|3.4.4,3.3.5,2012-03-20,3.4.3,2012-02-13
ZOOKEEPER,12594918,ZOOKEEPER-1489,2012-06-18T09:09:37,2012-07-17T21:29:26,3.5.0,2014-08-04,4,3.4.3|3.3.5|3.3.6|3.4.4,3.3.5,2012-03-20,3.4.3,2012-02-13
ZOOKEEPER,12560240,ZOOKEEPER-1483,2012-06-11T21:09:01,2012-09-14T07:34:45,3.5.0,2014-08-04,2,3.4.3|3.4.4,3.3.5,2012-03-20,3.4.3,2012-02-13
ZOOKEEPER,12559070,ZOOKEEPER-1478,2012-06-03T03:03:39,2012-12-13T07:19:27,3.5.0,2014-08-04,2,3.4.3|3.4.6,3.3.5,2012-03-20,3.4.3,2012-02-13
ZOOKEEPER,12558607,ZOOKEEPER-1474,2012-05-30T14:31:15,2012-11-28T07:46:11,3.5.0,2014-08-04,5,3.4.0|3.4.3|3.4.4|3.4.5|3.4.6,3.3.5,2012-03-20,3.4.0,2011-11-22
ZOOKEEPER,12556625,ZOOKEEPER-1471,2012-05-21T01:10:35,2012-06-30T06:44:42,3.5.0,2014-08-04,2,3.4.3|3.4.4,3.3.5,2012-03-20,3.4.3,2012-02-13
ZOOKEEPER,12554690,ZOOKEEPER-1465,2012-05-10T14:47:11,2012-07-05T16:50:09,3.5.0,2014-08-04,2,3.4.3|3.4.4,3.3.5,2012-03-20,3.4.3,2012-02-13
ZOOKEEPER,12554242,ZOOKEEPER-1463,2012-05-07T21:52:51,2012-05-11T05:26:49,3.5.0,2014-08-04,3,3.4.3|3.3.5|3.4.4,3.3.5,2012-03-20,3.4.3,2012-02-13
ZOOKEEPER,12553696,ZOOKEEPER-1462,2012-05-03T01:37:48,2013-10-02T22:42:16,3.4.6,2014-03-10,1,3.4.3,3.3.5,2012-03-20,3.4.3,2012-02-13
ZOOKEEPER,12551652,ZOOKEEPER-1451,2012-04-19T18:04:57,2012-04-25T20:29:44,3.5.0,2014-08-04,1,3.4.3,3.3.5,2012-03-20,3.4.3,2012-02-13
ZOOKEEPER,12551259,ZOOKEEPER-1448,2012-04-17T16:15:40,2013-09-05T21:50:44,3.5.0,2014-08-04,2,3.3.5|3.4.6,3.3.5,2012-03-20,3.3.5,2012-03-20
ZOOKEEPER,12549021,ZOOKEEPER-1440,2012-04-01T20:28:39,2014-03-12T21:45:35,3.5.0,2014-08-04,1,3.4.3,3.3.5,2012-03-20,3.4.3,2012-02-13
ZOOKEEPER,12548989,ZOOKEEPER-1439,2012-04-01T08:15:53,2012-04-26T10:59:52,3.5.0,2014-08-04,2,3.4.3|3.3.5,3.3.5,2012-03-20,3.4.3,2012-02-13
ZOOKEEPER,12548598,ZOOKEEPER-1437,2012-03-29T02:09:53,2012-09-09T18:24:53,3.5.0,2014-08-04,2,3.4.3|3.4.4,3.3.5,2012-03-20,3.4.3,2012-02-13
ZOOKEEPER,12547757,ZOOKEEPER-1431,2012-03-23T07:11:07,2012-06-19T00:24:24,3.5.0,2014-08-04,3,3.4.3|3.3.6|3.4.4,3.3.5,2012-03-20,3.4.3,2012-02-13
ZOOKEEPER,12547093,ZOOKEEPER-1427,2012-03-19T21:25:48,2012-07-17T21:22:22,3.5.0,2014-08-04,2,3.4.3|3.4.4,3.4.3,2012-02-13,3.4.3,2012-02-13
ZOOKEEPER,12546618,ZOOKEEPER-1417,2012-03-15T17:05:23,2013-06-06T16:54:19,3.5.0,2014-08-04,1,3.4.0,3.4.3,2012-02-13,3.4.0,2011-11-22
ZOOKEEPER,12546069,ZOOKEEPER-1412,2012-03-12T09:13:24,2012-03-15T17:06:13,3.5.0,2014-08-04,8,3.3.3|3.4.0|3.3.4|3.4.1|3.4.2|3.4.3|3.3.5|3.4.4,3.4.3,2012-02-13,3.3.3,2011-02-27
ZOOKEEPER,12545302,ZOOKEEPER-1406,2012-03-06T09:14:03,2012-03-18T06:50:37,3.5.0,2014-08-04,2,3.4.3|3.4.4,3.4.3,2012-02-13,3.4.3,2012-02-13
ZOOKEEPER,12544916,ZOOKEEPER-1403,2012-03-02T11:12:37,2012-03-18T07:04:09,3.5.0,2014-08-04,4,3.3.4|3.4.3|3.3.6|3.4.4,3.4.3,2012-02-13,3.3.4,2011-11-26
ZOOKEEPER,12543551,ZOOKEEPER-1395,2012-02-21T20:01:48,2012-03-30T22:31:56,3.5.0,2014-08-04,3,3.3.4|3.3.6|3.4.4,3.4.3,2012-02-13,3.3.4,2011-11-26
ZOOKEEPER,12542342,ZOOKEEPER-1391,2012-02-13T01:41:08,2012-04-26T08:47:45,3.5.0,2014-08-04,1,3.4.2,3.4.3,2012-02-13,3.4.2,2011-12-29
ZOOKEEPER,12541563,ZOOKEEPER-1388,2012-02-07T05:17:29,2013-12-17T16:57:54,3.5.0,2014-08-04,2,3.4.0|3.4.6,3.4.2,2011-12-29,3.4.0,2011-11-22
ZOOKEEPER,12541374,ZOOKEEPER-1387,2012-02-06T05:57:41,2012-12-13T08:00:50,3.5.0,2014-08-04,2,3.4.2|3.4.6,3.4.2,2011-12-29,3.4.2,2011-12-29
ZOOKEEPER,12540662,ZOOKEEPER-1384,2012-02-01T00:51:33,2012-03-19T06:17:06,3.5.0,2014-08-04,2,3.4.2|3.4.4,3.4.2,2011-12-29,3.4.2,2011-12-29
ZOOKEEPER,12540397,ZOOKEEPER-1380,2012-01-30T17:14:17,2012-09-07T06:15:48,3.5.0,2014-08-04,6,3.3.3|3.4.0|3.3.4|3.4.1|3.4.2|3.4.4,3.4.2,2011-12-29,3.3.3,2011-02-27
ZOOKEEPER,12540327,ZOOKEEPER-1379,2012-01-30T08:43:50,2013-09-02T21:05:28,3.5.0,2014-08-04,2,3.4.0|3.4.6,3.4.2,2011-12-29,3.4.0,2011-11-22
ZOOKEEPER,12539987,ZOOKEEPER-1376,2012-01-27T01:39:03,2012-09-21T23:05:36,3.4.5,2012-11-18,2,3.3.3|3.3.4,3.4.2,2011-12-29,3.3.3,2011-02-27
ZOOKEEPER,12539622,ZOOKEEPER-1374,2012-01-24T15:22:47,2012-02-06T09:54:52,3.5.0,2014-08-04,2,3.3.4|3.4.3,3.4.2,2011-12-29,3.3.4,2011-11-26
ZOOKEEPER,12539563,ZOOKEEPER-1373,2012-01-24T03:40:05,2012-02-06T08:37:03,3.5.0,2014-08-04,2,3.4.2|3.4.3,3.4.2,2011-12-29,3.4.2,2011-12-29
ZOOKEEPER,12539546,ZOOKEEPER-1370,2012-01-24T00:28:23,2012-02-06T10:29:36,3.4.3,2012-02-13,2,3.4.1|3.4.2,3.4.2,2011-12-29,3.4.1,2011-12-16
ZOOKEEPER,12539194,ZOOKEEPER-1367,2012-01-20T18:48:01,2012-01-31T06:56:13,3.5.0,2014-08-04,3,3.4.2|3.4.3|3.3.5,3.4.2,2011-12-29,3.4.2,2011-12-29
ZOOKEEPER,12538340,ZOOKEEPER-1361,2012-01-13T17:43:38,2012-09-17T05:04:15,3.5.0,2014-08-04,2,3.4.2|3.4.4,3.4.2,2011-12-29,3.4.2,2011-12-29
ZOOKEEPER,12537850,ZOOKEEPER-1358,2012-01-10T01:46:31,2012-01-16T02:20:47,3.5.0,2014-08-04,10,3.4.0|3.3.4|3.4.1|3.4.2|3.4.3|3.3.5|3.3.6|3.4.4|3.4.5|3.4.6,3.4.2,2011-12-29,3.4.0,2011-11-22
ZOOKEEPER,12537617,ZOOKEEPER-1354,2012-01-07T01:10:24,2012-03-02T03:05:38,3.5.0,2014-08-04,2,3.4.0|3.4.4,3.4.2,2011-12-29,3.4.0,2011-11-22
ZOOKEEPER,12537601,ZOOKEEPER-1353,2012-01-06T21:42:50,2012-02-06T08:00:08,3.5.0,2014-08-04,3,3.3.4|3.4.3|3.3.5,3.4.2,2011-12-29,3.3.4,2011-11-26
ZOOKEEPER,12537386,ZOOKEEPER-1352,2012-01-05T19:12:19,2012-02-06T08:52:20,3.5.0,2014-08-04,3,3.3.4|3.4.3|3.3.5,3.4.2,2011-12-29,3.3.4,2011-11-26
ZOOKEEPER,12537256,ZOOKEEPER-1351,2012-01-04T22:55:46,2012-01-16T02:35:27,3.5.0,2014-08-04,2,3.4.0|3.4.3,3.4.2,2011-12-29,3.4.0,2011-11-22
ZOOKEEPER,12536716,ZOOKEEPER-1348,2011-12-31T02:58:03,2012-02-06T08:20:35,3.4.3,2012-02-13,1,3.4.2,3.4.2,2011-12-29,3.4.2,2011-12-29
ZOOKEEPER,12536376,ZOOKEEPER-1344,2011-12-26T13:36:28,2012-03-17T00:32:59,3.5.0,2014-08-04,2,3.4.0|3.4.4,3.4.1,2011-12-16,3.4.0,2011-11-22
ZOOKEEPER,12536279,ZOOKEEPER-1343,2011-12-23T12:44:25,2012-01-04T00:28:18,3.5.0,2014-08-04,2,3.4.0|3.4.3,3.4.1,2011-12-16,3.4.0,2011-11-22
ZOOKEEPER,12536183,ZOOKEEPER-1340,2011-12-22T18:03:07,2012-02-06T09:50:06,3.5.0,2014-08-04,2,3.4.0|3.4.3,3.4.1,2011-12-16,3.4.0,2011-11-22
ZOOKEEPER,12536141,ZOOKEEPER-1339,2011-12-22T10:00:55,2012-05-08T16:39:25,3.5.0,2014-08-04,3,3.4.1|3.3.6|3.4.4,3.4.1,2011-12-16,3.4.1,2011-12-16
ZOOKEEPER,12536106,ZOOKEEPER-1338,2011-12-22T00:30:25,2012-02-06T10:16:09,3.5.0,2014-08-04,2,3.4.0|3.4.3,3.4.1,2011-12-16,3.4.0,2011-11-22
ZOOKEEPER,12536099,ZOOKEEPER-1336,2011-12-21T23:24:38,2012-02-06T08:58,3.5.0,2014-08-04,2,3.4.1|3.4.3,3.4.1,2011-12-16,3.4.1,2011-12-16
ZOOKEEPER,12535866,ZOOKEEPER-1334,2011-12-20T16:31:37,2012-12-19T08:05:11,3.5.0,2014-08-04,2,3.4.0|3.4.6,3.4.1,2011-12-16,3.4.0,2011-11-22
ZOOKEEPER,12535772,ZOOKEEPER-1333,2011-12-20T01:24:33,2011-12-21T20:40:04,3.5.0,2014-08-04,2,3.4.0|3.4.2,3.4.1,2011-12-16,3.4.0,2011-11-22
ZOOKEEPER,12535659,ZOOKEEPER-1331,2011-12-19T07:10:54,2011-12-28T00:39:41,3.5.0,2014-08-04,1,3.2.2,3.4.1,2011-12-16,3.2.2,2009-12-14
ZOOKEEPER,12534419,ZOOKEEPER-1323,2011-12-09T01:28:16,2011-12-14T23:19:38,3.5.0,2014-08-04,2,3.4.0|3.4.2,3.3.4,2011-11-26,3.4.0,2011-11-22
ZOOKEEPER,12533982,ZOOKEEPER-1319,2011-12-06T03:06:10,2011-12-09T19:09:12,3.5.0,2014-08-04,2,3.4.0|3.4.1,3.3.4,2011-11-26,3.4.0,2011-11-22
ZOOKEEPER,12533800,ZOOKEEPER-1318,2011-12-04T19:06:03,2012-05-10T01:54:51,3.5.0,2014-08-04,3,3.3.3|3.3.6|3.4.4,3.3.4,2011-11-26,3.3.3,2011-02-27
ZOOKEEPER,12533782,ZOOKEEPER-1317,2011-12-04T13:48:10,2011-12-09T18:37:50,3.5.0,2014-08-04,3,3.3.3|3.4.0|3.4.1,3.3.4,2011-11-26,3.3.3,2011-02-27
ZOOKEEPER,12533781,ZOOKEEPER-1316,2011-12-04T13:34:33,2011-12-08T22:30:51,3.5.0,2014-08-04,3,3.3.3|3.4.0|3.4.1,3.3.4,2011-11-26,3.3.3,2011-02-27
ZOOKEEPER,12533776,ZOOKEEPER-1315,2011-12-04T10:31:17,2011-12-09T00:21:55,3.5.0,2014-08-04,3,3.4.0|3.3.4|3.4.1,3.3.4,2011-11-26,3.4.0,2011-11-22
ZOOKEEPER,12533322,ZOOKEEPER-1311,2011-11-30T18:04:06,2011-12-01T07:14:23,3.5.0,2014-08-04,2,3.4.0|3.4.1,3.3.4,2011-11-26,3.4.0,2011-11-22
ZOOKEEPER,12533050,ZOOKEEPER-1309,2011-11-29T02:03:52,2012-02-27T00:32:13,3.3.5,2012-03-20,1,3.3.4,3.3.4,2011-11-26,3.3.4,2011-11-26
ZOOKEEPER,12531976,ZOOKEEPER-1305,2011-11-18T18:23:33,2011-12-08T22:03:58,3.5.0,2014-08-04,3,3.3.3|3.4.1|3.3.6,3.3.3,2011-02-27,3.3.3,2011-02-27
ZOOKEEPER,12530842,ZOOKEEPER-1294,2011-11-09T09:54:27,2012-01-14T00:08:54,3.5.0,2014-08-04,16,3.1.2|3.2.2|3.3.0|3.3.1|3.3.2|3.3.3|3.4.0|3.3.4|3.4.1|3.4.2|3.4.3|3.3.5|3.3.6|3.4.4|3.4.5|3.4.6,3.3.3,2011-02-27,3.1.2,2009-12-14
ZOOKEEPER,12529995,ZOOKEEPER-1283,2011-11-03T05:35:25,2011-11-15T18:10:25,3.3.4,2011-11-26,1,3.3.3,3.3.3,2011-02-27,3.3.3,2011-02-27
ZOOKEEPER,12529896,ZOOKEEPER-1277,2011-11-02T16:46:01,2012-03-15T16:55:14,3.5.0,2014-08-04,3,3.3.3|3.3.5|3.4.4,3.3.3,2011-02-27,3.3.3,2011-02-27
ZOOKEEPER,12529419,ZOOKEEPER-1273,2011-10-30T18:33:08,2011-10-31T20:06:15,3.5.0,2014-08-04,16,3.1.2|3.2.2|3.3.0|3.3.1|3.3.2|3.3.3|3.4.0|3.3.4|3.4.1|3.4.2|3.4.3|3.3.5|3.3.6|3.4.4|3.4.5|3.4.6,3.3.3,2011-02-27,3.1.2,2009-12-14
ZOOKEEPER,12529148,ZOOKEEPER-1262,2011-10-27T21:46:26,2011-12-28T21:18:40,3.5.0,2014-08-04,1,3.3.3,3.3.3,2011-02-27,3.3.3,2011-02-27
ZOOKEEPER,12528418,ZOOKEEPER-1241,2011-10-23T15:10:38,2011-10-24T08:01:32,3.5.0,2014-08-04,1,3.3.3,3.3.3,2011-02-27,3.3.3,2011-02-27
ZOOKEEPER,12526976,ZOOKEEPER-1224,2011-10-13T04:54:14,2011-10-18T08:09:58,3.5.0,2014-08-04,1,3.3.0,3.3.3,2011-02-27,3.3.0,2010-03-25
ZOOKEEPER,12526825,ZOOKEEPER-1220,2011-10-12T10:47:43,2011-12-14T22:59:01,3.5.0,2014-08-04,1,3.3.3,3.3.3,2011-02-27,3.3.3,2011-02-27
ZOOKEEPER,12525784,ZOOKEEPER-1214,2011-10-05T09:56:36,2014-05-18T03:49:28,3.5.0,2014-08-04,16,3.1.2|3.2.2|3.3.0|3.3.1|3.3.2|3.3.3|3.4.0|3.3.4|3.4.1|3.4.2|3.4.3|3.3.5|3.3.6|3.4.4|3.4.5|3.4.6,3.3.3,2011-02-27,3.1.2,2009-12-14
ZOOKEEPER,12525006,ZOOKEEPER-1208,2011-09-28T04:35:47,2011-11-14T19:34:12,3.5.0,2014-08-04,3,3.3.3|3.4.0|3.3.4,3.3.3,2011-02-27,3.3.3,2011-02-27
ZOOKEEPER,12524962,ZOOKEEPER-1207,2011-09-27T20:04:12,2014-04-25T19:28:24,3.5.0,2014-08-04,16,3.1.2|3.2.2|3.3.0|3.3.1|3.3.2|3.3.3|3.4.0|3.3.4|3.4.1|3.4.2|3.4.3|3.3.5|3.3.6|3.4.4|3.4.5|3.4.6,3.3.3,2011-02-27,3.1.2,2009-12-14
ZOOKEEPER,12524930,ZOOKEEPER-1206,2011-09-27T16:26:16,2011-09-29T21:36:43,3.5.0,2014-08-04,3,3.3.3|3.4.0|3.3.4,3.3.3,2011-02-27,3.3.3,2011-02-27
ZOOKEEPER,12523872,ZOOKEEPER-1197,2011-09-21T14:37:39,2014-05-15T22:00:05,3.5.0,2014-08-04,2,3.3.3|3.4.0,3.3.3,2011-02-27,3.3.3,2011-02-27
ZOOKEEPER,12523338,ZOOKEEPER-1189,2011-09-16T14:29:05,2011-09-27T01:11:20,3.5.0,2014-08-04,3,3.3.3|3.4.0|3.3.4,3.3.3,2011-02-27,3.3.3,2011-02-27
ZOOKEEPER,12522301,ZOOKEEPER-1174,2011-09-08T18:47:42,2011-09-30T22:02:40,3.5.0,2014-08-04,3,3.3.3|3.4.0|3.3.4,3.3.3,2011-02-27,3.3.3,2011-02-27
ZOOKEEPER,12520132,ZOOKEEPER-1163,2011-08-25T17:47:50,2012-06-25T18:09:01,3.5.0,2014-08-04,3,3.3.3|3.3.6|3.4.4,3.3.3,2011-02-27,3.3.3,2011-02-27
ZOOKEEPER,12515429,ZOOKEEPER-1136,2011-07-26T16:58:51,2011-09-14T06:59:35,3.4.0,2011-11-22,2,3.3.2|3.3.3,3.3.3,2011-02-27,3.3.2,2010-11-11
ZOOKEEPER,12513982,ZOOKEEPER-1125,2011-07-13T20:33:23,2014-05-15T22:53:23,3.5.0,2014-08-04,16,3.1.2|3.2.2|3.3.0|3.3.1|3.3.2|3.3.3|3.4.0|3.3.4|3.4.1|3.4.2|3.4.3|3.3.5|3.3.6|3.4.4|3.4.5|3.4.6,3.3.3,2011-02-27,3.1.2,2009-12-14
ZOOKEEPER,12513120,ZOOKEEPER-1119,2011-07-07T10:33:08,2011-07-25T22:22:04,3.4.0,2011-11-22,1,3.3.3,3.3.3,2011-02-27,3.3.3,2011-02-27
ZOOKEEPER,12512295,ZOOKEEPER-1111,2011-06-30T08:51,2011-07-19T21:39:23,3.4.0,2011-11-22,2,3.3.2|3.3.3,3.3.3,2011-02-27,3.3.2,2010-11-11
ZOOKEEPER,12511435,ZOOKEEPER-1109,2011-06-24T04:48:18,2011-07-25T21:01:11,3.4.0,2011-11-22,4,3.3.0|3.3.1|3.3.2|3.3.3,3.3.3,2011-02-27,3.3.0,2010-03-25
ZOOKEEPER,12511408,ZOOKEEPER-1108,2011-06-23T21:02:34,2011-09-09T02:27:39,3.4.0,2011-11-22,1,3.3.3,3.3.3,2011-02-27,3.3.3,2011-02-27
ZOOKEEPER,12511111,ZOOKEEPER-1101,2011-06-21T17:15:16,2011-08-01T18:31:57,3.4.0,2011-11-22,2,3.3.2|3.3.3,3.3.3,2011-02-27,3.3.2,2010-11-11
ZOOKEEPER,12511062,ZOOKEEPER-1100,2011-06-21T09:24:18,2011-12-26T15:56:09,3.5.0,2014-08-04,1,3.3.3,3.3.3,2011-02-27,3.3.3,2011-02-27
ZOOKEEPER,12509786,ZOOKEEPER-1091,2011-06-10T03:21:23,2011-10-16T18:21:22,3.4.0,2011-11-22,1,3.3.3,3.3.3,2011-02-27,3.3.3,2011-02-27
ZOOKEEPER,12509718,ZOOKEEPER-1090,2011-06-09T14:24:06,2011-07-28T05:50:38,3.4.0,2011-11-22,1,3.3.3,3.3.3,2011-02-27,3.3.3,2011-02-27
ZOOKEEPER,12508939,ZOOKEEPER-1086,2011-06-01T10:52:19,2011-10-19T06:56:15,3.4.0,2011-11-22,2,3.3.2|3.3.3,3.3.3,2011-02-27,3.3.2,2010-11-11
ZOOKEEPER,12508845,ZOOKEEPER-1083,2011-05-31T16:23:44,2011-06-13T17:25:19,3.4.0,2011-11-22,2,3.3.2|3.3.3,3.3.3,2011-02-27,3.3.2,2010-11-11
ZOOKEEPER,12508118,ZOOKEEPER-1068,2011-05-23T23:08:12,2011-06-21T17:24:41,3.4.0,2011-11-22,2,3.3.2|3.3.3,3.3.3,2011-02-27,3.3.2,2010-11-11
ZOOKEEPER,12507535,ZOOKEEPER-1063,2011-05-17T21:34:09,2011-07-15T04:11:22,3.4.0,2011-11-22,2,3.3.2|3.3.3,3.3.3,2011-02-27,3.3.2,2010-11-11
ZOOKEEPER,12506765,ZOOKEEPER-1061,2011-05-10T20:38:36,2011-05-16T17:12:48,3.4.0,2011-11-22,1,3.3.2,3.3.3,2011-02-27,3.3.2,2010-11-11
ZOOKEEPER,12506158,ZOOKEEPER-1059,2011-05-04T10:50:42,2011-05-16T17:39:15,3.4.0,2011-11-22,2,3.3.2|3.3.3,3.3.3,2011-02-27,3.3.2,2010-11-11
ZOOKEEPER,12506122,ZOOKEEPER-1058,2011-05-04T00:34:45,2011-05-20T21:42:53,3.4.0,2011-11-22,2,3.3.2|3.3.3,3.3.3,2011-02-27,3.3.2,2010-11-11
ZOOKEEPER,12506002,ZOOKEEPER-1057,2011-05-03T01:16:21,2014-01-09T21:04:23,3.5.0,2014-08-04,4,3.3.1|3.3.2|3.3.3|3.4.6,3.3.3,2011-02-27,3.3.1,2010-05-17
ZOOKEEPER,12505075,ZOOKEEPER-1052,2011-04-24T13:45:34,2011-05-03T17:58:31,3.4.0,2011-11-22,1,3.3.2,3.3.3,2011-02-27,3.3.2,2010-11-11
ZOOKEEPER,12504838,ZOOKEEPER-1050,2011-04-21T00:46:22,2012-01-06T01:23:56,3.5.0,2014-08-04,1,3.3.2,3.3.3,2011-02-27,3.3.2,2010-11-11
ZOOKEEPER,12504153,ZOOKEEPER-1048,2011-04-13T09:40:32,2012-05-06T03:47:44,3.5.0,2014-08-04,3,3.3.1|3.3.6|3.4.4,3.3.3,2011-02-27,3.3.1,2010-05-17
ZOOKEEPER,12502521,ZOOKEEPER-1034,2011-03-27T20:45:50,2011-08-15T01:41:13,3.4.0,2011-11-22,1,3.3.3,3.3.3,2011-02-27,3.3.3,2011-02-27
ZOOKEEPER,12502520,ZOOKEEPER-1033,2011-03-27T20:40:09,2011-05-04T06:03,3.4.0,2011-11-22,1,3.3.3,3.3.3,2011-02-27,3.3.3,2011-02-27
ZOOKEEPER,12502320,ZOOKEEPER-1028,2011-03-24T20:26:04,2011-04-06T20:22:12,3.4.0,2011-11-22,1,3.3.3,3.3.3,2011-02-27,3.3.3,2011-02-27
ZOOKEEPER,12502255,ZOOKEEPER-1027,2011-03-24T05:06:47,2011-07-25T17:45:31,3.4.0,2011-11-22,1,3.3.3,3.3.3,2011-02-27,3.3.3,2011-02-27
ZOOKEEPER,12501192,ZOOKEEPER-1013,2011-03-11T20:28:02,2011-03-15T18:39:07,3.4.0,2011-11-22,2,3.3.2|3.3.3,3.3.3,2011-02-27,3.3.2,2010-11-11
ZOOKEEPER,12500477,ZOOKEEPER-1007,2011-03-04T21:42:58,2011-03-15T20:42:44,3.4.0,2011-11-22,1,3.3.3,3.3.3,2011-02-27,3.3.3,2011-02-27
ZOOKEEPER,12498934,ZOOKEEPER-994,2011-02-17T19:38:49,2011-02-27T07:11:39,3.4.0,2011-11-22,1,3.3.2,3.3.2,2010-11-11,3.3.2,2010-11-11
ZOOKEEPER,12498355,ZOOKEEPER-986,2011-02-11T12:04:23,2014-05-19T21:42:43,3.5.0,2014-08-04,1,3.3.2,3.3.2,2010-11-11,3.3.2,2010-11-11
ZOOKEEPER,12497882,ZOOKEEPER-984,2011-02-07T18:34:32,2013-12-24T10:39:36,3.5.0,2014-08-04,1,3.3.2,3.3.2,2010-11-11,3.3.2,2010-11-11
ZOOKEEPER,12497537,ZOOKEEPER-983,2011-02-03T05:21:01,2011-02-27T06:57:03,3.4.0,2011-11-22,1,3.3.2,3.3.2,2010-11-11,3.3.2,2010-11-11
ZOOKEEPER,12497441,ZOOKEEPER-982,2011-02-02T09:52:58,2011-12-12T17:47:55,3.5.0,2014-08-04,1,3.3.1,3.3.2,2010-11-11,3.3.1,2010-05-17
ZOOKEEPER,12497380,ZOOKEEPER-981,2011-02-01T20:23:01,2011-09-14T04:10:37,3.4.0,2011-11-22,1,3.3.2,3.3.2,2010-11-11,3.3.2,2010-11-11
ZOOKEEPER,12496150,ZOOKEEPER-978,2011-01-20T17:04:40,2014-05-18T02:33,3.5.0,2014-08-04,2,3.3.2|3.4.6,3.3.2,2010-11-11,3.3.2,2010-11-11
ZOOKEEPER,12495845,ZOOKEEPER-976,2011-01-18T01:36:16,2011-02-27T07:02:15,3.4.0,2011-11-22,1,3.3.2,3.3.2,2010-11-11,3.3.2,2010-11-11
ZOOKEEPER,12495589,ZOOKEEPER-975,2011-01-14T12:29:33,2011-04-29T16:13:46,3.4.0,2011-11-22,1,3.3.2,3.3.2,2010-11-11,3.3.2,2010-11-11
ZOOKEEPER,12494681,ZOOKEEPER-973,2011-01-05T06:47:52,2012-01-23T20:35:07,3.5.0,2014-08-04,3,3.3.2|3.4.3|3.3.5,3.3.2,2010-11-11,3.3.2,2010-11-11
ZOOKEEPER,12493781,ZOOKEEPER-962,2010-12-21T18:42:59,2011-01-23T05:31:02,3.4.0,2011-11-22,2,3.3.2|3.3.3,3.3.2,2010-11-11,3.3.2,2010-11-11
ZOOKEEPER,12493091,ZOOKEEPER-957,2010-12-13T17:09:05,2010-12-15T03:17:40,3.4.0,2011-11-22,2,3.3.2|3.3.3,3.3.2,2010-11-11,3.3.2,2010-11-11
ZOOKEEPER,12480456,ZOOKEEPER-937,2010-11-19T22:12:26,2010-12-07T19:02:17,3.4.0,2011-11-22,3,3.3.0|3.3.1|3.3.2,3.3.2,2010-11-11,3.3.0,2010-03-25
ZOOKEEPER,12479098,ZOOKEEPER-919,2010-11-04T13:43:21,2011-11-19T01:11:55,3.4.0,2011-11-22,2,3.3.1|3.3.3,3.3.1,2010-05-17,3.3.1,2010-05-17
ZOOKEEPER,12478305,ZOOKEEPER-913,2010-10-26T06:50:16,2011-01-27T07:45:24,3.4.0,2011-11-22,2,3.3.1|3.3.3,3.3.1,2010-05-17,3.3.1,2010-05-17
ZOOKEEPER,12477893,ZOOKEEPER-907,2010-10-20T18:27:19,2010-11-04T16:29:28,3.4.0,2011-11-22,2,3.3.1|3.3.2,3.3.1,2010-05-17,3.3.1,2010-05-17
ZOOKEEPER,12477777,ZOOKEEPER-904,2010-10-19T20:44:01,2010-10-26T22:31:11,3.4.0,2011-11-22,2,3.3.1|3.3.2,3.3.1,2010-05-17,3.3.1,2010-05-17
ZOOKEEPER,12476980,ZOOKEEPER-893,2010-10-11T07:15:55,2010-10-19T22:38:09,3.4.0,2011-11-22,2,3.3.1|3.3.2,3.3.1,2010-05-17,3.3.1,2010-05-17
ZOOKEEPER,12476669,ZOOKEEPER-888,2010-10-06T13:26:52,2010-10-19T19:02:22,3.4.0,2011-11-22,3,3.3.1|3.3.2|3.3.3,3.3.1,2010-05-17,3.3.1,2010-05-17
ZOOKEEPER,12475587,ZOOKEEPER-884,2010-10-01T09:11:25,2010-11-05T05:18:45,3.4.0,2011-11-22,1,3.3.1,3.3.1,2010-05-17,3.3.1,2010-05-17
ZOOKEEPER,12474807,ZOOKEEPER-877,2010-09-22T10:44:09,2013-10-08T06:46:53,3.5.0,2014-08-04,2,3.3.1|3.4.6,3.3.1,2010-05-17,3.3.1,2010-05-17
ZOOKEEPER,12474397,ZOOKEEPER-874,2010-09-17T16:01:03,2011-04-13T16:10:24,3.4.0,2011-11-22,1,3.3.1,3.3.1,2010-05-17,3.3.1,2010-05-17
ZOOKEEPER,12474130,ZOOKEEPER-870,2010-09-14T22:16:29,2010-09-15T05:57:29,3.4.0,2011-11-22,5,3.2.2|3.3.0|3.3.1|3.3.2|3.3.3,3.3.1,2010-05-17,3.2.2,2009-12-14
ZOOKEEPER,12473165,ZOOKEEPER-861,2010-09-02T17:40:49,2010-09-07T18:29:25,3.4.0,2011-11-22,5,3.2.2|3.3.0|3.3.1|3.3.2|3.3.3,3.3.1,2010-05-17,3.2.2,2009-12-14
ZOOKEEPER,12472604,ZOOKEEPER-855,2010-08-26T14:49:18,2010-10-18T21:56:47,3.4.0,2011-11-22,3,3.3.0|3.3.1|3.3.2,3.3.1,2010-05-17,3.3.0,2010-03-25
ZOOKEEPER,12472035,ZOOKEEPER-854,2010-08-19T20:04:45,2010-08-28T16:11:43,3.4.0,2011-11-22,1,3.3.1,3.3.1,2010-05-17,3.3.1,2010-05-17
ZOOKEEPER,12471442,ZOOKEEPER-846,2010-08-12T17:19:53,2010-09-22T06:39,3.4.0,2011-11-22,2,3.2.2|3.3.2,3.3.1,2010-05-17,3.2.2,2009-12-14
ZOOKEEPER,12471434,ZOOKEEPER-844,2010-08-12T16:05:02,2010-10-06T16:19:27,3.4.0,2011-11-22,2,3.3.1|3.3.2,3.3.1,2010-05-17,3.3.1,2010-05-17
ZOOKEEPER,12470839,ZOOKEEPER-831,2010-08-04T21:25:16,2010-09-17T16:59:19,3.4.0,2011-11-22,1,3.3.1,3.3.1,2010-05-17,3.3.1,2010-05-17
ZOOKEEPER,12469627,ZOOKEEPER-822,2010-07-19T15:51:01,2010-10-06T17:03:01,3.4.0,2011-11-22,2,3.3.0|3.3.2,3.3.1,2010-05-17,3.3.0,2010-03-25
ZOOKEEPER,12469466,ZOOKEEPER-820,2010-07-16T16:00:32,2010-10-20T18:46:25,3.4.0,2011-11-22,2,3.3.1|3.3.2,3.3.1,2010-05-17,3.3.1,2010-05-17
ZOOKEEPER,12469226,ZOOKEEPER-814,2010-07-14T06:59:31,2010-07-26T22:01:02,3.4.0,2011-11-22,5,3.2.2|3.3.0|3.3.1|3.3.2|3.3.3,3.3.1,2010-05-17,3.2.2,2009-12-14
ZOOKEEPER,12469029,ZOOKEEPER-813,2010-07-12T07:14:10,2010-07-12T22:49:14,3.4.0,2011-11-22,2,3.3.1|3.3.2,3.3.1,2010-05-17,3.3.1,2010-05-17
ZOOKEEPER,12468677,ZOOKEEPER-805,2010-07-06T23:48:42,2014-04-30T20:19:56,3.4.6,2014-03-10,2,3.3.1|3.4.0,3.3.1,2010-05-17,3.3.1,2010-05-17
ZOOKEEPER,12468212,ZOOKEEPER-800,2010-06-29T23:26:03,2010-10-21T22:52:01,3.4.0,2011-11-22,2,3.3.1|3.3.2,3.3.1,2010-05-17,3.3.1,2010-05-17
ZOOKEEPER,12468097,ZOOKEEPER-796,2010-06-28T22:02:04,2010-07-06T21:51:48,3.4.0,2011-11-22,5,3.2.2|3.3.0|3.3.1|3.3.2|3.3.3,3.3.1,2010-05-17,3.2.2,2009-12-14
ZOOKEEPER,12468037,ZOOKEEPER-795,2010-06-28T10:12:26,2010-08-17T20:05:18,3.4.0,2011-11-22,2,3.3.1|3.3.2,3.3.1,2010-05-17,3.3.1,2010-05-17
ZOOKEEPER,12467962,ZOOKEEPER-794,2010-06-26T02:47:15,2010-10-21T00:47:39,3.4.0,2011-11-22,2,3.3.1|3.3.2,3.3.1,2010-05-17,3.3.1,2010-05-17
ZOOKEEPER,12467836,ZOOKEEPER-792,2010-06-24T21:36:54,2010-08-23T02:59:54,3.4.0,2011-11-22,2,3.3.1|3.3.2,3.3.1,2010-05-17,3.3.1,2010-05-17
ZOOKEEPER,12467595,ZOOKEEPER-790,2010-06-22T16:47:56,2010-07-29T21:11:57,3.4.0,2011-11-22,2,3.3.1|3.3.2,3.3.1,2010-05-17,3.3.1,2010-05-17
ZOOKEEPER,12466668,ZOOKEEPER-787,2010-06-10T16:46:55,2010-09-15T15:39:19,3.4.0,2011-11-22,2,3.3.1|3.3.2,3.3.1,2010-05-17,3.3.1,2010-05-17
ZOOKEEPER,12466224,ZOOKEEPER-786,2010-06-04T21:25:32,2011-10-17T01:00:39,3.5.0,2014-08-04,1,3.3.1,3.3.1,2010-05-17,3.3.1,2010-05-17
ZOOKEEPER,12466014,ZOOKEEPER-785,2010-06-02T22:51:50,2010-09-14T21:09:31,3.4.0,2011-11-22,2,3.3.1|3.3.2,3.3.1,2010-05-17,3.3.1,2010-05-17
ZOOKEEPER,12465900,ZOOKEEPER-783,2010-06-01T19:22:43,2010-07-26T22:45:07,3.4.0,2011-11-22,2,3.3.1|3.3.2,3.3.1,2010-05-17,3.3.1,2010-05-17
ZOOKEEPER,12465807,ZOOKEEPER-782,2010-05-31T20:47:30,2011-07-14T17:54:01,3.4.0,2011-11-22,1,3.3.1,3.3.1,2010-05-17,3.3.1,2010-05-17
ZOOKEEPER,12465360,ZOOKEEPER-780,2010-05-25T10:22:11,2014-04-24T23:52:03,3.5.0,2014-08-04,1,3.3.1,3.3.1,2010-05-17,3.3.1,2010-05-17
ZOOKEEPER,12464391,ZOOKEEPER-774,2010-05-12T21:31:11,2010-05-14T23:32:45,3.4.0,2011-11-22,1,3.3.0,3.3.0,2010-03-25,3.3.0,2010-03-25
ZOOKEEPER,12463907,ZOOKEEPER-769,2010-05-06T18:01:46,2010-05-21T16:23:11,3.4.0,2011-11-22,1,3.3.0,3.3.0,2010-03-25,3.3.0,2010-03-25
ZOOKEEPER,12463663,ZOOKEEPER-763,2010-05-04T13:09:43,2010-05-05T22:02:10,3.4.0,2011-11-22,2,3.3.0|3.3.1,3.3.0,2010-03-25,3.3.0,2010-03-25
ZOOKEEPER,12462818,ZOOKEEPER-752,2010-04-22T20:36:01,2014-05-04T12:18:25,3.5.0,2014-08-04,1,3.3.0,3.3.0,2010-03-25,3.3.0,2010-03-25
ZOOKEEPER,12462787,ZOOKEEPER-750,2010-04-22T16:45:27,2010-04-29T02:26:35,3.4.0,2011-11-22,2,3.3.0|3.3.1,3.3.0,2010-03-25,3.3.0,2010-03-25
ZOOKEEPER,12462783,ZOOKEEPER-749,2010-04-22T16:21:07,2010-04-29T02:02:37,3.4.0,2011-11-22,2,3.3.0|3.3.1,3.3.0,2010-03-25,3.3.0,2010-03-25
ZOOKEEPER,12462196,ZOOKEEPER-742,2010-04-15T23:21:08,2010-04-22T06:44:05,3.4.0,2011-11-22,3,3.2.2|3.3.0|3.3.1,3.3.0,2010-03-25,3.2.2,2009-12-14
ZOOKEEPER,12462056,ZOOKEEPER-741,2010-04-14T17:12:17,2010-04-22T05:43:49,3.4.0,2011-11-22,2,3.3.0|3.3.1,3.3.0,2010-03-25,3.3.0,2010-03-25
ZOOKEEPER,12461728,ZOOKEEPER-738,2010-04-10T21:17:56,2010-04-26T18:58:09,3.4.0,2011-11-22,2,3.3.0|3.3.1,3.3.0,2010-03-25,3.3.0,2010-03-25
ZOOKEEPER,12461726,ZOOKEEPER-737,2010-04-10T21:13:23,2010-05-04T21:51:42,3.4.0,2011-11-22,2,3.3.0|3.3.1,3.3.0,2010-03-25,3.3.0,2010-03-25
ZOOKEEPER,12461314,ZOOKEEPER-734,2010-04-06T22:43:57,2010-04-26T20:02:17,3.4.0,2011-11-22,2,3.3.0|3.3.1,3.3.0,2010-03-25,3.3.0,2010-03-25
ZOOKEEPER,12460641,ZOOKEEPER-732,2010-03-29T22:48:45,2013-10-03T21:51:14,3.5.0,2014-08-04,2,3.3.0|3.4.6,3.3.0,2010-03-25,3.3.0,2010-03-25
ZOOKEEPER,12460402,ZOOKEEPER-731,2010-03-26T23:12:47,2011-09-06T14:12:50,3.4.0,2011-11-22,1,3.3.0,3.3.0,2010-03-25,3.3.0,2010-03-25
ZOOKEEPER,12459672,ZOOKEEPER-718,2010-03-19T16:09:05,2010-03-19T17:28:07,3.3.0,2010-03-25,3,3.2.1|3.1.2|3.2.2,3.1.2,2009-12-14,3.2.1,2009-09-04
ZOOKEEPER,12459507,ZOOKEEPER-710,2010-03-18T11:39:31,2010-03-19T17:19:38,3.3.0,2010-03-25,1,3.2.2,3.1.2,2009-12-14,3.2.2,2009-12-14
ZOOKEEPER,12459483,ZOOKEEPER-709,2010-03-18T05:57:45,2010-03-18T06:23:51,3.3.0,2010-03-25,3,3.2.1|3.1.2|3.2.2,3.1.2,2009-12-14,3.2.1,2009-09-04
ZOOKEEPER,12459481,ZOOKEEPER-708,2010-03-18T05:34:53,2010-03-18T06:48:51,3.3.0,2010-03-25,3,3.2.1|3.1.2|3.2.2,3.1.2,2009-12-14,3.2.1,2009-09-04
ZOOKEEPER,12459086,ZOOKEEPER-705,2010-03-14T20:44:28,2013-12-10T21:25:10,3.5.0,2014-08-04,1,3.2.2,3.1.2,2009-12-14,3.2.2,2009-12-14
ZOOKEEPER,12458983,ZOOKEEPER-698,2010-03-12T22:22:01,2010-03-13T00:07:28,3.3.0,2010-03-25,3,3.2.1|3.1.2|3.2.2,3.1.2,2009-12-14,3.2.1,2009-09-04
ZOOKEEPER,12458680,ZOOKEEPER-697,2010-03-10T16:20:35,2013-10-09T06:23:16,3.5.0,2014-08-04,22,3.0.0|3.0.1|3.1.0|3.1.1|3.2.0|3.2.1|3.1.2|3.2.2|3.3.0|3.3.1|3.3.2|3.3.3|3.4.0|3.3.4|3.4.1|3.4.2|3.4.3|3.3.5|3.3.6|3.4.4|3.4.5|3.4.6,3.1.2,2009-12-14,3.0.0,2008-10-27
ZOOKEEPER,12458616,ZOOKEEPER-696,2010-03-10T05:41:35,2010-03-11T03:17:29,3.3.0,2010-03-25,3,3.2.1|3.1.2|3.2.2,3.1.2,2009-12-14,3.2.1,2009-09-04
ZOOKEEPER,12458578,ZOOKEEPER-691,2010-03-09T20:40:59,2010-03-09T20:50:51,3.3.0,2010-03-25,3,3.2.1|3.1.2|3.2.2,3.1.2,2009-12-14,3.2.1,2009-09-04
ZOOKEEPER,12458489,ZOOKEEPER-690,2010-03-09T01:42:31,2011-07-16T17:49:55,3.4.0,2011-11-22,9,3.1.1|3.2.0|3.2.1|3.1.2|3.2.2|3.3.0|3.3.1|3.3.2|3.3.3,3.1.2,2009-12-14,3.1.1,2009-03-27
ZOOKEEPER,12458487,ZOOKEEPER-689,2010-03-09T01:23:12,2010-03-09T01:50:53,3.3.0,2010-03-25,3,3.2.1|3.1.2|3.2.2,3.1.2,2009-12-14,3.2.1,2009-09-04
ZOOKEEPER,12458264,ZOOKEEPER-688,2010-03-05T17:10:39,2010-03-05T22:03:17,3.3.0,2010-03-25,3,3.2.1|3.1.2|3.2.2,3.1.2,2009-12-14,3.2.1,2009-09-04
ZOOKEEPER,12458181,ZOOKEEPER-687,2010-03-04T22:12:23,2010-03-04T22:56:09,3.3.0,2010-03-25,3,3.2.1|3.1.2|3.2.2,3.1.2,2009-12-14,3.2.1,2009-09-04
ZOOKEEPER,12457960,ZOOKEEPER-684,2010-03-03T10:18:39,2010-03-10T01:28:19,3.3.0,2010-03-25,3,3.2.1|3.1.2|3.2.2,3.1.2,2009-12-14,3.2.1,2009-09-04
ZOOKEEPER,12457699,ZOOKEEPER-683,2010-03-01T07:04:20,2010-03-03T23:07:51,3.3.0,2010-03-25,1,3.2.2,3.1.2,2009-12-14,3.2.2,2009-12-14
ZOOKEEPER,12457414,ZOOKEEPER-682,2010-02-25T12:01:43,2010-03-04T01:29:04,3.3.0,2010-03-25,1,3.2.2,3.1.2,2009-12-14,3.2.2,2009-12-14
ZOOKEEPER,12457411,ZOOKEEPER-681,2010-02-25T11:25:07,2010-03-05T02:27:39,3.3.0,2010-03-25,1,3.2.2,3.1.2,2009-12-14,3.2.2,2009-12-14
ZOOKEEPER,12457054,ZOOKEEPER-677,2010-02-22T18:20:07,2010-03-10T16:34:04,3.3.0,2010-03-25,1,3.2.2,3.1.2,2009-12-14,3.2.2,2009-12-14
ZOOKEEPER,12456888,ZOOKEEPER-675,2010-02-20T14:32:41,2011-11-10T12:30:44,3.5.0,2014-08-04,22,3.0.0|3.0.1|3.1.0|3.1.1|3.2.0|3.2.1|3.1.2|3.2.2|3.3.0|3.3.1|3.3.2|3.3.3|3.4.0|3.3.4|3.4.1|3.4.2|3.4.3|3.3.5|3.3.6|3.4.4|3.4.5|3.4.6,3.1.2,2009-12-14,3.0.0,2008-10-27
ZOOKEEPER,12456466,ZOOKEEPER-673,2010-02-16T19:03:13,2010-02-19T02:08:25,3.3.0,2010-03-25,3,3.2.1|3.1.2|3.2.2,3.1.2,2009-12-14,3.2.1,2009-09-04
ZOOKEEPER,12456182,ZOOKEEPER-669,2010-02-12T20:46:04,2010-02-23T18:25:59,3.3.0,2010-03-25,2,3.1.2|3.2.2,3.1.2,2009-12-14,3.1.2,2009-12-14
ZOOKEEPER,12456134,ZOOKEEPER-668,2010-02-12T12:12:01,2010-02-19T02:43:07,3.3.0,2010-03-25,3,3.2.1|3.1.2|3.2.2,3.1.2,2009-12-14,3.2.1,2009-09-04
ZOOKEEPER,12456060,ZOOKEEPER-667,2010-02-11T19:26:56,2010-03-12T18:55:30,3.3.0,2010-03-25,1,3.2.2,3.1.2,2009-12-14,3.2.2,2009-12-14
ZOOKEEPER,12455085,ZOOKEEPER-663,2010-02-02T17:30:51,2010-03-09T01:25:03,3.3.0,2010-03-25,3,3.2.1|3.1.2|3.2.2,3.1.2,2009-12-14,3.2.1,2009-09-04
ZOOKEEPER,12455004,ZOOKEEPER-662,2010-02-02T02:57:18,2011-07-16T17:48:49,3.4.0,2011-11-22,1,3.2.1,3.1.2,2009-12-14,3.2.1,2009-09-04
ZOOKEEPER,12446452,ZOOKEEPER-656,2010-01-24T01:27:49,2010-01-25T03:35:57,3.3.0,2010-03-25,3,3.2.1|3.1.2|3.2.2,3.1.2,2009-12-14,3.2.1,2009-09-04
ZOOKEEPER,12446348,ZOOKEEPER-653,2010-01-22T18:07:26,2011-09-06T15:57,3.5.0,2014-08-04,22,3.0.0|3.0.1|3.1.0|3.1.1|3.2.0|3.2.1|3.1.2|3.2.2|3.3.0|3.3.1|3.3.2|3.3.3|3.4.0|3.3.4|3.4.1|3.4.2|3.4.3|3.3.5|3.3.6|3.4.4|3.4.5|3.4.6,3.1.2,2009-12-14,3.0.0,2008-10-27
ZOOKEEPER,12445692,ZOOKEEPER-647,2010-01-15T22:33:58,2010-01-21T03:08:33,3.3.0,2010-03-25,3,3.2.1|3.1.2|3.2.2,3.1.2,2009-12-14,3.2.1,2009-09-04
ZOOKEEPER,12445368,ZOOKEEPER-642,2010-01-13T01:52:42,2012-05-11T05:55:15,3.5.0,2014-08-04,1,3.2.1,3.1.2,2009-12-14,3.2.1,2009-09-04
ZOOKEEPER,12444803,ZOOKEEPER-637,2010-01-06T16:26:42,2010-01-07T08:42:59,3.3.0,2010-03-25,3,3.2.1|3.1.2|3.2.2,3.1.2,2009-12-14,3.2.1,2009-09-04
ZOOKEEPER,12443506,ZOOKEEPER-630,2009-12-16T07:39:59,2009-12-16T18:30:27,3.3.0,2010-03-25,3,3.2.1|3.1.2|3.2.2,3.1.2,2009-12-14,3.2.1,2009-09-04
ZOOKEEPER,12443494,ZOOKEEPER-629,2009-12-16T05:00:56,2009-12-18T02:20:53,3.3.0,2010-03-25,3,3.2.1|3.1.2|3.2.2,3.1.2,2009-12-14,3.2.1,2009-09-04
ZOOKEEPER,12443474,ZOOKEEPER-627,2009-12-16T00:45:07,2009-12-16T23:28:40,3.3.0,2010-03-25,3,3.2.1|3.1.2|3.2.2,3.1.2,2009-12-14,3.2.1,2009-09-04
ZOOKEEPER,12443426,ZOOKEEPER-626,2009-12-15T17:54:33,2010-01-22T00:49:36,3.3.0,2010-03-25,1,3.2.1,3.1.2,2009-12-14,3.2.1,2009-09-04
ZOOKEEPER,12443330,ZOOKEEPER-624,2009-12-15T03:17:08,2010-03-17T00:05:38,3.3.0,2010-03-25,1,3.2.0,3.1.2,2009-12-14,3.2.0,2009-07-08
ZOOKEEPER,12443241,ZOOKEEPER-623,2009-12-14T08:49:23,2010-01-12T20:12:51,3.3.0,2010-03-25,3,3.2.1|3.1.2|3.2.2,3.1.2,2009-12-14,3.2.1,2009-09-04
ZOOKEEPER,12443191,ZOOKEEPER-622,2009-12-12T22:22:59,2010-03-06T05:35:08,3.3.0,2010-03-25,5,3.1.1|3.2.0|3.2.1|3.1.2|3.2.2,3.2.1,2009-09-04,3.1.1,2009-03-27
ZOOKEEPER,12443189,ZOOKEEPER-621,2009-12-12T21:36:22,2009-12-14T10:42:05,3.3.0,2010-03-25,5,3.1.1|3.2.0|3.2.1|3.1.2|3.2.2,3.2.1,2009-09-04,3.1.1,2009-03-27
ZOOKEEPER,12443016,ZOOKEEPER-617,2009-12-10T19:11:11,2010-03-12T18:27:47,3.3.0,2010-03-25,5,3.1.1|3.2.0|3.2.1|3.1.2|3.2.2,3.2.1,2009-09-04,3.1.1,2009-03-27
ZOOKEEPER,12442917,ZOOKEEPER-615,2009-12-09T22:17:48,2009-12-11T19:39:02,3.3.0,2010-03-25,5,3.1.1|3.2.0|3.2.1|3.1.2|3.2.2,3.2.1,2009-09-04,3.1.1,2009-03-27
ZOOKEEPER,12442675,ZOOKEEPER-614,2009-12-07T23:31:18,2009-12-11T23:04:14,3.3.0,2010-03-25,2,3.2.1|3.2.2,3.2.1,2009-09-04,3.2.1,2009-09-04
ZOOKEEPER,12442595,ZOOKEEPER-611,2009-12-07T01:47:46,2009-12-08T20:21:07,3.3.0,2010-03-25,4,3.1.1|3.2.1|3.1.2|3.2.2,3.2.1,2009-09-04,3.1.1,2009-03-27
ZOOKEEPER,12442422,ZOOKEEPER-610,2009-12-04T06:50:58,2009-12-11T22:57:06,3.3.0,2010-03-25,5,3.1.1|3.2.0|3.2.1|3.1.2|3.2.2,3.2.1,2009-09-04,3.1.1,2009-03-27
ZOOKEEPER,12442166,ZOOKEEPER-606,2009-12-02T01:10:23,2009-12-17T22:09:57,3.3.0,2010-03-25,1,3.2.1,3.2.1,2009-09-04,3.2.1,2009-09-04
ZOOKEEPER,12442133,ZOOKEEPER-603,2009-12-01T19:27:49,2010-08-12T22:29:15,3.4.0,2011-11-22,1,3.2.1,3.2.1,2009-09-04,3.2.1,2009-09-04
ZOOKEEPER,12442001,ZOOKEEPER-600,2009-11-30T22:22:37,2009-12-17T23:39:01,3.3.0,2010-03-25,1,3.2.1,3.2.1,2009-09-04,3.2.1,2009-09-04
ZOOKEEPER,12441697,ZOOKEEPER-597,2009-11-25T18:18:59,2009-12-08T19:15:29,3.3.0,2010-03-25,4,3.1.1|3.2.1|3.1.2|3.2.2,3.2.1,2009-09-04,3.1.1,2009-03-27
ZOOKEEPER,12441617,ZOOKEEPER-596,2009-11-24T22:51:29,2009-12-18T02:20:28,3.3.0,2010-03-25,1,3.2.1,3.2.1,2009-09-04,3.2.1,2009-09-04
ZOOKEEPER,12441587,ZOOKEEPER-593,2009-11-24T16:54:45,2010-01-26T02:19:37,3.3.0,2010-03-25,5,3.1.1|3.2.0|3.2.1|3.1.2|3.2.2,3.2.1,2009-09-04,3.1.1,2009-03-27
ZOOKEEPER,12441435,ZOOKEEPER-591,2009-11-23T09:35:37,2010-03-18T01:45:01,3.3.0,2010-03-25,1,3.2.1,3.2.1,2009-09-04,3.2.1,2009-09-04
ZOOKEEPER,12441417,ZOOKEEPER-589,2009-11-23T02:47:54,2010-02-08T22:38:36,3.3.0,2010-03-25,1,3.2.1,3.2.1,2009-09-04,3.2.1,2009-09-04
ZOOKEEPER,12441383,ZOOKEEPER-588,2009-11-21T23:23:59,2009-12-11T20:24:51,3.3.0,2010-03-25,1,3.2.1,3.2.1,2009-09-04,3.2.1,2009-09-04
ZOOKEEPER,12441382,ZOOKEEPER-587,2009-11-21T23:21:29,2009-12-11T21:46:49,3.3.0,2010-03-25,1,3.2.1,3.2.1,2009-09-04,3.2.1,2009-09-04
ZOOKEEPER,12441353,ZOOKEEPER-586,2009-11-21T01:18:13,2010-03-16T23:44:10,3.3.0,2010-03-25,1,3.2.1,3.2.1,2009-09-04,3.2.1,2009-09-04
ZOOKEEPER,12440974,ZOOKEEPER-582,2009-11-17T20:56:40,2009-11-20T22:30:51,3.3.0,2010-03-25,4,3.1.1|3.2.1|3.1.2|3.2.2,3.2.1,2009-09-04,3.1.1,2009-03-27
ZOOKEEPER,12440362,ZOOKEEPER-574,2009-11-11T00:43:34,2010-01-23T00:31:18,3.3.0,2010-03-25,5,3.1.1|3.2.0|3.2.1|3.1.2|3.2.2,3.2.1,2009-09-04,3.1.1,2009-03-27
ZOOKEEPER,12440233,ZOOKEEPER-573,2009-11-10T01:05:59,2010-01-20T20:17:04,3.3.0,2010-03-25,1,3.2.1,3.2.1,2009-09-04,3.2.1,2009-09-04
ZOOKEEPER,12440125,ZOOKEEPER-570,2009-11-08T06:37:46,2009-11-08T22:46:18,3.3.0,2010-03-25,1,3.2.1,3.2.1,2009-09-04,3.2.1,2009-09-04
ZOOKEEPER,12440056,ZOOKEEPER-569,2009-11-06T19:47:54,2010-02-20T14:27:43,3.3.0,2010-03-25,5,3.1.1|3.2.0|3.2.1|3.1.2|3.2.2,3.2.1,2009-09-04,3.1.1,2009-03-27
ZOOKEEPER,12439721,ZOOKEEPER-568,2009-11-03T01:38:35,2009-11-07T08:08:51,3.3.0,2010-03-25,1,3.2.1,3.2.1,2009-09-04,3.2.1,2009-09-04
ZOOKEEPER,12439618,ZOOKEEPER-567,2009-11-01T04:41:05,2009-11-12T20:03:05,3.3.0,2010-03-25,5,3.1.1|3.2.0|3.2.1|3.1.2|3.2.2,3.2.1,2009-09-04,3.1.1,2009-03-27
ZOOKEEPER,12439372,ZOOKEEPER-566,2009-10-29T05:27:26,2009-11-12T19:54:26,3.3.0,2010-03-25,1,3.2.1,3.2.1,2009-09-04,3.2.1,2009-09-04
ZOOKEEPER,12439296,ZOOKEEPER-563,2009-10-28T17:09:27,2009-10-29T04:02:41,3.3.0,2010-03-25,5,3.1.1|3.2.0|3.2.1|3.1.2|3.2.2,3.2.1,2009-09-04,3.1.1,2009-03-27
ZOOKEEPER,12439109,ZOOKEEPER-562,2009-10-26T20:45:28,2009-10-29T21:35:25,3.3.0,2010-03-25,3,3.2.1|3.1.2|3.2.2,3.2.1,2009-09-04,3.2.1,2009-09-04
ZOOKEEPER,12439021,ZOOKEEPER-558,2009-10-25T00:08:18,2009-11-07T00:48:26,3.3.0,2010-03-25,1,3.2.1,3.2.1,2009-09-04,3.2.1,2009-09-04
ZOOKEEPER,12439013,ZOOKEEPER-557,2009-10-24T21:03:25,2009-11-06T21:24:26,3.3.0,2010-03-25,5,3.1.1|3.2.0|3.2.1|3.1.2|3.2.2,3.2.1,2009-09-04,3.1.1,2009-03-27
ZOOKEEPER,12437932,ZOOKEEPER-551,2009-10-13T04:10:33,2009-11-08T21:42:07,3.3.0,2010-03-25,1,3.2.1,3.2.1,2009-09-04,3.2.1,2009-09-04
ZOOKEEPER,12437658,ZOOKEEPER-548,2009-10-08T22:59:10,2009-10-09T04:35,3.3.0,2010-03-25,5,3.1.1|3.2.0|3.2.1|3.1.2|3.2.2,3.2.1,2009-09-04,3.1.1,2009-03-27
ZOOKEEPER,12437652,ZOOKEEPER-547,2009-10-08T22:01:41,2009-11-17T23:39:20,3.3.0,2010-03-25,3,3.2.0|3.2.1|3.2.2,3.2.1,2009-09-04,3.2.0,2009-07-08
ZOOKEEPER,12437339,ZOOKEEPER-542,2009-10-06T01:54:02,2009-10-07T18:11:37,3.3.0,2010-03-25,2,3.2.0|3.2.1,3.2.1,2009-09-04,3.2.0,2009-07-08
ZOOKEEPER,12437332,ZOOKEEPER-541,2009-10-06T00:04:47,2009-10-13T23:14:58,3.3.0,2010-03-25,2,3.2.1|3.2.2,3.2.1,2009-09-04,3.2.1,2009-09-04
ZOOKEEPER,12437077,ZOOKEEPER-540,2009-10-01T22:02:41,2009-10-09T00:43:13,3.3.0,2010-03-25,2,3.2.1|3.2.2,3.2.1,2009-09-04,3.2.1,2009-09-04
ZOOKEEPER,12436891,ZOOKEEPER-538,2009-09-30T06:00:21,2009-10-02T00:26:42,3.3.0,2010-03-25,2,3.2.1|3.2.2,3.2.1,2009-09-04,3.2.1,2009-09-04
ZOOKEEPER,12436525,ZOOKEEPER-535,2009-09-24T17:56:42,2009-09-24T18:52:50,3.3.0,2010-03-25,5,3.1.1|3.2.0|3.2.1|3.1.2|3.2.2,3.2.1,2009-09-04,3.1.1,2009-03-27
ZOOKEEPER,12436444,ZOOKEEPER-534,2009-09-23T18:46:40,2009-12-16T23:46:55,3.3.0,2010-03-25,2,3.2.0|3.2.1,3.2.1,2009-09-04,3.2.0,2009-07-08
ZOOKEEPER,12436439,ZOOKEEPER-533,2009-09-23T17:41:41,2009-09-23T21:54:20,3.3.0,2010-03-25,5,3.1.1|3.2.0|3.2.1|3.1.2|3.2.2,3.2.1,2009-09-04,3.1.1,2009-03-27
ZOOKEEPER,12436344,ZOOKEEPER-532,2009-09-22T20:09:46,2009-11-18T17:30:38,3.3.0,2010-03-25,1,3.2.1,3.2.1,2009-09-04,3.2.1,2009-09-04
ZOOKEEPER,12436219,ZOOKEEPER-531,2009-09-21T17:09:13,2010-01-12T20:12:06,3.3.0,2010-03-25,5,3.1.1|3.2.0|3.2.1|3.1.2|3.2.2,3.2.1,2009-09-04,3.1.1,2009-03-27
ZOOKEEPER,12436179,ZOOKEEPER-530,2009-09-21T09:17:08,2009-10-21T21:01:11,3.3.0,2010-03-25,2,3.2.0|3.2.1,3.2.1,2009-09-04,3.2.0,2009-07-08
ZOOKEEPER,12435864,ZOOKEEPER-528,2009-09-16T18:46:54,2009-10-14T17:27:20,3.3.0,2010-03-25,1,3.2.0,3.2.1,2009-09-04,3.2.0,2009-07-08
ZOOKEEPER,12435854,ZOOKEEPER-527,2009-09-16T17:34:23,2009-12-07T21:13,3.3.0,2010-03-25,1,3.2.1,3.2.1,2009-09-04,3.2.1,2009-09-04
ZOOKEEPER,12435369,ZOOKEEPER-524,2009-09-10T23:36:16,2010-02-20T01:21:54,3.3.0,2010-03-25,5,3.1.1|3.2.0|3.2.1|3.1.2|3.2.2,3.2.1,2009-09-04,3.1.1,2009-03-27
ZOOKEEPER,12433998,ZOOKEEPER-519,2009-08-25T23:49:16,2009-11-18T17:45:10,3.3.0,2010-03-25,6,3.1.0|3.1.1|3.2.0|3.2.1|3.1.2|3.2.2,3.2.0,2009-07-08,3.1.0,2009-02-13
ZOOKEEPER,12433940,ZOOKEEPER-515,2009-08-25T13:10:58,2011-09-06T16:01:35,3.5.0,2014-08-04,1,3.2.0,3.2.0,2009-07-08,3.2.0,2009-07-08
ZOOKEEPER,12433871,ZOOKEEPER-514,2009-08-24T17:44:28,2009-08-24T19:04:11,3.3.0,2010-03-25,2,3.2.0|3.2.1,3.2.0,2009-07-08,3.2.0,2009-07-08
ZOOKEEPER,12433766,ZOOKEEPER-513,2009-08-22T12:12:03,2013-10-10T17:33:16,3.5.0,2014-08-04,1,3.2.0,3.2.0,2009-07-08,3.2.0,2009-07-08
ZOOKEEPER,12433522,ZOOKEEPER-512,2009-08-20T00:11:07,2009-10-27T21:14:23,3.3.0,2010-03-25,1,3.2.0,3.2.0,2009-07-08,3.2.0,2009-07-08
ZOOKEEPER,12433519,ZOOKEEPER-511,2009-08-19T22:35:23,2010-03-11T14:06:33,3.3.0,2010-03-25,1,3.2.0,3.2.0,2009-07-08,3.2.0,2009-07-08
ZOOKEEPER,12433511,ZOOKEEPER-510,2009-08-19T21:13:42,2009-10-14T00:14:27,3.3.0,2010-03-25,2,3.2.0|3.2.2,3.2.0,2009-07-08,3.2.0,2009-07-08
ZOOKEEPER,12432610,ZOOKEEPER-505,2009-08-08T20:57:35,2010-01-26T23:17:08,3.3.0,2010-03-25,6,3.1.0|3.1.1|3.2.0|3.2.1|3.1.2|3.2.2,3.2.0,2009-07-08,3.1.0,2009-02-13
ZOOKEEPER,12432546,ZOOKEEPER-504,2009-08-07T17:35:50,2010-01-26T23:17:35,3.3.0,2010-03-25,1,3.2.0,3.2.0,2009-07-08,3.2.0,2009-07-08
ZOOKEEPER,12432463,ZOOKEEPER-503,2009-08-07T01:06:12,2010-01-26T23:18:04,3.3.0,2010-03-25,6,3.1.0|3.1.1|3.2.0|3.2.1|3.1.2|3.2.2,3.2.0,2009-07-08,3.1.0,2009-02-13
ZOOKEEPER,12432460,ZOOKEEPER-502,2009-08-07T00:57:50,2010-01-26T23:19:07,3.3.0,2010-03-25,6,3.1.0|3.1.1|3.2.0|3.2.1|3.1.2|3.2.2,3.2.0,2009-07-08,3.1.0,2009-02-13
ZOOKEEPER,12432328,ZOOKEEPER-499,2009-08-05T20:32:20,2009-08-10T22:25:56,3.3.0,2010-03-25,2,3.2.0|3.2.1,3.2.0,2009-07-08,3.2.0,2009-07-08
ZOOKEEPER,12432204,ZOOKEEPER-498,2009-08-04T21:18:51,2009-08-11T21:27:36,3.3.0,2010-03-25,2,3.2.0|3.2.1,3.2.0,2009-07-08,3.2.0,2009-07-08
ZOOKEEPER,12432069,ZOOKEEPER-495,2009-08-03T18:20,2010-01-26T03:11:29,3.3.0,2010-03-25,1,3.2.0,3.2.0,2009-07-08,3.2.0,2009-07-08
ZOOKEEPER,12431956,ZOOKEEPER-493,2009-08-01T09:40:58,2009-08-04T21:39:21,3.3.0,2010-03-25,2,3.2.0|3.2.1,3.2.0,2009-07-08,3.2.0,2009-07-08
ZOOKEEPER,12431864,ZOOKEEPER-492,2009-07-31T04:24:39,2014-04-23T20:40:46,3.5.0,2014-08-04,2,3.1.1|3.2.0,3.2.0,2009-07-08,3.1.1,2009-03-27
ZOOKEEPER,12431726,ZOOKEEPER-491,2009-07-29T18:51:10,2009-08-04T18:17:48,3.3.0,2010-03-25,2,3.2.0|3.2.1,3.2.0,2009-07-08,3.2.0,2009-07-08
ZOOKEEPER,12431724,ZOOKEEPER-490,2009-07-29T18:27:29,2009-08-07T18:17:54,3.3.0,2010-03-25,3,3.1.1|3.2.0|3.2.1,3.2.0,2009-07-08,3.1.1,2009-03-27
ZOOKEEPER,12431571,ZOOKEEPER-489,2009-07-28T06:40:27,2009-09-29T09:59:38,3.3.0,2010-03-25,6,3.1.0|3.1.1|3.2.0|3.2.1|3.1.2|3.2.2,3.2.0,2009-07-08,3.1.0,2009-02-13
ZOOKEEPER,12431406,ZOOKEEPER-487,2009-07-24T20:38,2009-07-31T19:08:57,3.3.0,2010-03-25,3,3.1.1|3.2.0|3.2.1,3.2.0,2009-07-08,3.1.1,2009-03-27
ZOOKEEPER,12431304,ZOOKEEPER-485,2009-07-23T21:47:03,2010-02-24T20:04:26,3.3.0,2010-03-25,6,3.1.0|3.1.1|3.2.0|3.2.1|3.1.2|3.2.2,3.2.0,2009-07-08,3.1.0,2009-02-13
ZOOKEEPER,12431302,ZOOKEEPER-484,2009-07-23T21:09:54,2009-08-07T00:39:36,3.3.0,2010-03-25,2,3.2.0|3.2.1,3.2.0,2009-07-08,3.2.0,2009-07-08
ZOOKEEPER,12431300,ZOOKEEPER-483,2009-07-23T20:40:49,2009-08-25T05:58:27,3.3.0,2010-03-25,2,3.1.1|3.2.1,3.2.0,2009-07-08,3.1.1,2009-03-27
ZOOKEEPER,12431192,ZOOKEEPER-482,2009-07-22T22:44:53,2009-07-30T22:34:09,3.3.0,2010-03-25,2,3.2.0|3.2.1,3.2.0,2009-07-08,3.2.0,2009-07-08
ZOOKEEPER,12430929,ZOOKEEPER-481,2009-07-20T13:43:29,2009-08-03T21:32:33,3.3.0,2010-03-25,3,3.1.1|3.2.0|3.2.1,3.2.0,2009-07-08,3.1.1,2009-03-27
ZOOKEEPER,12430927,ZOOKEEPER-480,2009-07-20T13:33:29,2009-08-04T18:07:54,3.3.0,2010-03-25,2,3.2.0|3.2.1,3.2.0,2009-07-08,3.2.0,2009-07-08
ZOOKEEPER,12430805,ZOOKEEPER-477,2009-07-17T19:05:17,2009-08-11T00:30:22,3.3.0,2010-03-25,2,3.2.0|3.2.1,3.2.0,2009-07-08,3.2.0,2009-07-08
ZOOKEEPER,12430712,ZOOKEEPER-475,2009-07-16T21:39:26,2009-08-04T18:18:50,3.3.0,2010-03-25,2,3.2.0|3.2.1,3.2.0,2009-07-08,3.2.0,2009-07-08
ZOOKEEPER,12430402,ZOOKEEPER-470,2009-07-14T18:25:45,2009-07-20T22:55:48,3.3.0,2010-03-25,2,3.2.0|3.2.1,3.2.0,2009-07-08,3.2.0,2009-07-08
ZOOKEEPER,12430400,ZOOKEEPER-469,2009-07-14T18:10:28,2009-07-16T23:30:08,3.3.0,2010-03-25,2,3.2.0|3.2.1,3.2.0,2009-07-08,3.2.0,2009-07-08
ZOOKEEPER,12430398,ZOOKEEPER-468,2009-07-14T17:44:34,2009-07-16T17:42:28,3.3.0,2010-03-25,2,3.2.0|3.2.1,3.2.0,2009-07-08,3.2.0,2009-07-08
ZOOKEEPER,12430314,ZOOKEEPER-466,2009-07-14T03:25:12,2009-08-04T01:59:43,3.3.0,2010-03-25,2,3.2.0|3.2.1,3.2.0,2009-07-08,3.2.0,2009-07-08
ZOOKEEPER,12430205,ZOOKEEPER-463,2009-07-13T13:14:39,2014-04-23T20:26:08,3.5.0,2014-08-04,1,3.2.0,3.2.0,2009-07-08,3.2.0,2009-07-08
ZOOKEEPER,12429317,ZOOKEEPER-457,2009-07-01T18:58:04,2009-07-31T20:32:59,3.3.0,2010-03-25,2,3.1.1|3.2.1,3.1.1,2009-03-27,3.1.1,2009-03-27
ZOOKEEPER,12429244,ZOOKEEPER-455,2009-06-30T23:44:02,2009-07-01T16:39:51,3.2.0,2009-07-08,2,3.1.0|3.1.1,3.1.1,2009-03-27,3.1.0,2009-02-13
ZOOKEEPER,12429229,ZOOKEEPER-454,2009-06-30T20:53:41,2009-06-30T20:57:08,3.2.0,2009-07-08,2,3.1.0|3.1.1,3.1.1,2009-03-27,3.1.0,2009-02-13
ZOOKEEPER,12429200,ZOOKEEPER-453,2009-06-30T16:25:34,2009-06-30T20:47:21,3.2.0,2009-07-08,2,3.1.0|3.1.1,3.1.1,2009-03-27,3.1.0,2009-02-13
ZOOKEEPER,12429143,ZOOKEEPER-452,2009-06-30T01:17:21,2009-06-30T01:29:40,3.2.0,2009-07-08,2,3.1.0|3.1.1,3.1.1,2009-03-27,3.1.0,2009-02-13
ZOOKEEPER,12428990,ZOOKEEPER-449,2009-06-26T20:36:25,2009-06-26T21:16:14,3.2.0,2009-07-08,2,3.1.0|3.1.1,3.1.1,2009-03-27,3.1.0,2009-02-13
ZOOKEEPER,12428976,ZOOKEEPER-448,2009-06-26T18:39:41,2009-06-26T18:51:50,3.2.0,2009-07-08,2,3.1.0|3.1.1,3.1.1,2009-03-27,3.1.0,2009-02-13
ZOOKEEPER,12428426,ZOOKEEPER-446,2009-06-19T22:44:19,2009-06-22T20:55:03,3.2.0,2009-07-08,2,3.1.0|3.1.1,3.1.1,2009-03-27,3.1.0,2009-02-13
ZOOKEEPER,12428268,ZOOKEEPER-445,2009-06-18T16:06:38,2014-04-23T20:30:10,3.5.0,2014-08-04,22,3.0.0|3.0.1|3.1.0|3.1.1|3.2.0|3.2.1|3.1.2|3.2.2|3.3.0|3.3.1|3.3.2|3.3.3|3.4.0|3.3.4|3.4.1|3.4.2|3.4.3|3.3.5|3.3.6|3.4.4|3.4.5|3.4.6,3.1.1,2009-03-27,3.0.0,2008-10-27
ZOOKEEPER,12427928,ZOOKEEPER-444,2009-06-15T18:48:24,2009-06-17T17:37:22,3.2.0,2009-07-08,1,3.1.1,3.1.1,2009-03-27,3.1.1,2009-03-27
ZOOKEEPER,12427385,ZOOKEEPER-438,2009-06-08T18:04:40,2009-06-25T20:42:22,3.2.0,2009-07-08,2,3.1.0|3.1.1,3.1.1,2009-03-27,3.1.0,2009-02-13
ZOOKEEPER,12427251,ZOOKEEPER-435,2009-06-05T20:42:24,2009-06-09T05:21:48,3.2.0,2009-07-08,2,3.1.0|3.1.1,3.1.1,2009-03-27,3.1.0,2009-02-13
ZOOKEEPER,12427233,ZOOKEEPER-433,2009-06-05T17:57:28,2009-06-18T01:09:34,3.2.0,2009-07-08,1,3.1.1,3.1.1,2009-03-27,3.1.1,2009-03-27
ZOOKEEPER,12426974,ZOOKEEPER-427,2009-06-02T21:01:41,2009-06-18T20:33:45,3.2.0,2009-07-08,1,3.1.1,3.1.1,2009-03-27,3.1.1,2009-03-27
ZOOKEEPER,12426614,ZOOKEEPER-421,2009-05-28T18:39:39,2009-06-01T21:00:43,3.2.0,2009-07-08,2,3.1.0|3.1.1,3.1.1,2009-03-27,3.1.0,2009-02-13
ZOOKEEPER,12426532,ZOOKEEPER-419,2009-05-28T00:24:09,2009-05-28T18:31:50,3.2.0,2009-07-08,2,3.1.0|3.1.1,3.1.1,2009-03-27,3.1.0,2009-02-13
ZOOKEEPER,12426430,ZOOKEEPER-418,2009-05-27T07:10:50,2010-12-13T01:03:09,3.4.0,2011-11-22,12,3.0.0|3.0.1|3.1.0|3.1.1|3.2.0|3.2.1|3.1.2|3.2.2|3.3.0|3.3.1|3.3.2|3.3.3,3.1.1,2009-03-27,3.0.0,2008-10-27
ZOOKEEPER,12426373,ZOOKEEPER-417,2009-05-26T18:10:27,2009-06-26T21:09:06,3.2.0,2009-07-08,2,3.1.0|3.1.1,3.1.1,2009-03-27,3.1.0,2009-02-13
ZOOKEEPER,12426361,ZOOKEEPER-416,2009-05-26T15:51:26,2009-05-28T04:55:48,3.2.0,2009-07-08,2,3.1.0|3.1.1,3.1.1,2009-03-27,3.1.0,2009-02-13
ZOOKEEPER,12426054,ZOOKEEPER-415,2009-05-21T20:29:44,2009-05-22T07:25:56,3.2.0,2009-07-08,2,3.1.0|3.1.1,3.1.1,2009-03-27,3.1.0,2009-02-13
ZOOKEEPER,12425961,ZOOKEEPER-413,2009-05-20T21:59:15,2010-01-26T02:57:04,3.3.0,2010-03-25,7,3.0.1|3.1.0|3.1.1|3.2.0|3.2.1|3.1.2|3.2.2,3.1.1,2009-03-27,3.0.1,2008-12-04
ZOOKEEPER,12425892,ZOOKEEPER-412,2009-05-20T08:35:37,2015-12-15T19:17:57,3.5.2,2016-07-21,26,3.0.0|3.0.1|3.1.0|3.1.1|3.2.0|3.2.1|3.1.2|3.2.2|3.3.0|3.3.1|3.3.2|3.3.3|3.4.0|3.3.4|3.4.1|3.4.2|3.4.3|3.3.5|3.3.6|3.4.4|3.4.5|3.4.6|3.5.0|3.5.1|3.4.7|3.4.8,3.1.1,2009-03-27,3.0.0,2008-10-27
ZOOKEEPER,12425864,ZOOKEEPER-411,2009-05-19T22:39:10,2009-05-20T22:41:43,3.2.0,2009-07-08,2,3.1.0|3.1.1,3.1.1,2009-03-27,3.1.0,2009-02-13
ZOOKEEPER,12425742,ZOOKEEPER-405,2009-05-18T17:24:02,2009-05-20T17:59:28,3.2.0,2009-07-08,2,3.1.0|3.1.1,3.1.1,2009-03-27,3.1.0,2009-02-13
ZOOKEEPER,12425388,ZOOKEEPER-402,2009-05-13T22:36:40,2009-05-21T21:22:46,3.2.0,2009-07-08,2,3.1.0|3.1.1,3.1.1,2009-03-27,3.1.0,2009-02-13
ZOOKEEPER,12425269,ZOOKEEPER-400,2009-05-12T21:26:25,2009-05-14T08:22:07,3.2.0,2009-07-08,2,3.1.0|3.1.1,3.1.1,2009-03-27,3.1.0,2009-02-13
ZOOKEEPER,12424986,ZOOKEEPER-396,2009-05-09T00:41:05,2009-06-08T20:39:31,3.2.0,2009-07-08,1,3.1.1,3.1.1,2009-03-27,3.1.1,2009-03-27
ZOOKEEPER,12424738,ZOOKEEPER-391,2009-05-06T18:25:18,2009-05-12T21:00,3.2.0,2009-07-08,2,3.1.0|3.1.1,3.1.1,2009-03-27,3.1.0,2009-02-13
ZOOKEEPER,12423940,ZOOKEEPER-384,2009-04-27T20:55:46,2009-05-05T04:55:50,3.2.0,2009-07-08,4,3.0.0|3.0.1|3.1.0|3.1.1,3.1.1,2009-03-27,3.0.0,2008-10-27
ZOOKEEPER,12423919,ZOOKEEPER-382,2009-04-27T18:30:04,2009-04-29T19:12:04,3.2.0,2009-07-08,2,3.1.0|3.1.1,3.1.1,2009-03-27,3.1.0,2009-02-13
ZOOKEEPER,12423339,ZOOKEEPER-379,2009-04-21T06:30:02,2009-05-22T00:27:44,3.2.0,2009-07-08,2,3.1.0|3.1.1,3.1.1,2009-03-27,3.1.0,2009-02-13
ZOOKEEPER,12422897,ZOOKEEPER-375,2009-04-15T16:03:31,2009-06-09T19:01:20,3.2.0,2009-07-08,2,3.1.0|3.1.1,3.1.1,2009-03-27,3.1.0,2009-02-13
ZOOKEEPER,12422554,ZOOKEEPER-374,2009-04-10T09:28:43,2009-04-16T20:28:46,3.2.0,2009-07-08,1,3.1.1,3.1.1,2009-03-27,3.1.1,2009-03-27
ZOOKEEPER,12422297,ZOOKEEPER-370,2009-04-07T21:26:40,2009-04-08T21:10:22,3.2.0,2009-07-08,1,3.1.1,3.1.1,2009-03-27,3.1.1,2009-03-27
ZOOKEEPER,12422019,ZOOKEEPER-366,2009-04-03T22:12:24,2014-04-23T20:46:35,3.5.0,2014-08-04,22,3.0.0|3.0.1|3.1.0|3.1.1|3.2.0|3.2.1|3.1.2|3.2.2|3.3.0|3.3.1|3.3.2|3.3.3|3.4.0|3.3.4|3.4.1|3.4.2|3.4.3|3.3.5|3.3.6|3.4.4|3.4.5|3.4.6,3.1.1,2009-03-27,3.0.0,2008-10-27
ZOOKEEPER,12421959,ZOOKEEPER-363,2009-04-03T11:08:05,2009-04-07T02:43:59,3.2.0,2009-07-08,1,3.1.1,3.1.1,2009-03-27,3.1.1,2009-03-27
ZOOKEEPER,12421950,ZOOKEEPER-362,2009-04-03T09:04:29,2009-04-03T22:12:11,3.2.0,2009-07-08,1,3.1.1,3.1.1,2009-03-27,3.1.1,2009-03-27
ZOOKEEPER,12421897,ZOOKEEPER-360,2009-04-02T16:32:07,2009-04-03T21:43:56,3.2.0,2009-07-08,1,3.1.1,3.1.1,2009-03-27,3.1.1,2009-03-27
ZOOKEEPER,12419610,ZOOKEEPER-355,2009-03-27T05:09:51,2009-04-09T21:03:07,3.2.0,2009-07-08,2,3.1.0|3.1.1,3.1.1,2009-03-27,3.1.0,2009-02-13
ZOOKEEPER,12419561,ZOOKEEPER-348,2009-03-26T19:11:45,2009-04-09T21:04:17,3.2.0,2009-07-08,2,3.1.0|3.1.1,3.1.0,2009-02-13,3.1.0,2009-02-13
ZOOKEEPER,12419440,ZOOKEEPER-347,2009-03-26T00:13:38,2009-04-08T22:39:43,3.2.0,2009-07-08,1,3.1.0,3.1.0,2009-02-13,3.1.0,2009-02-13
ZOOKEEPER,12419257,ZOOKEEPER-346,2009-03-23T23:34:45,2009-04-17T20:48:51,3.2.0,2009-07-08,3,3.0.0|3.0.1|3.1.0,3.1.0,2009-02-13,3.0.0,2008-10-27
ZOOKEEPER,12417203,ZOOKEEPER-344,2009-03-18T18:45:48,2009-05-06T17:04:50,3.2.0,2009-07-08,1,3.1.0,3.1.0,2009-02-13,3.1.0,2009-02-13
ZOOKEEPER,12417100,ZOOKEEPER-340,2009-03-17T22:16:39,2009-04-17T23:19:49,3.2.0,2009-07-08,4,3.0.0|3.0.1|3.1.0|3.1.1,3.1.0,2009-02-13,3.0.0,2008-10-27
ZOOKEEPER,12416126,ZOOKEEPER-335,2009-03-04T18:55:48,2011-06-14T05:14:31,3.4.0,2011-11-22,1,3.1.0,3.1.0,2009-02-13,3.1.0,2009-02-13
ZOOKEEPER,12415833,ZOOKEEPER-334,2009-02-27T23:55:44,2009-03-03T22:49:12,3.2.0,2009-07-08,1,3.1.0,3.1.0,2009-02-13,3.1.0,2009-02-13
ZOOKEEPER,12415817,ZOOKEEPER-332,2009-02-27T20:04:12,2009-03-04T18:25:40,3.2.0,2009-07-08,2,3.1.0|3.1.1,3.1.0,2009-02-13,3.1.0,2009-02-13
ZOOKEEPER,12415256,ZOOKEEPER-326,2009-02-20T20:12:15,2009-02-23T23:56:36,3.2.0,2009-07-08,4,3.0.0|3.0.1|3.1.0|3.1.1,3.1.0,2009-02-13,3.0.0,2008-10-27
ZOOKEEPER,12415180,ZOOKEEPER-325,2009-02-20T00:04:55,2009-04-07T23:08:22,3.2.0,2009-07-08,1,3.1.0,3.1.0,2009-02-13,3.1.0,2009-02-13
ZOOKEEPER,12415001,ZOOKEEPER-320,2009-02-17T22:48:01,2009-02-27T20:05:19,3.2.0,2009-07-08,4,3.0.0|3.0.1|3.1.0|3.1.1,3.1.0,2009-02-13,3.0.0,2008-10-27
ZOOKEEPER,12414999,ZOOKEEPER-319,2009-02-17T22:32:27,2009-02-27T19:49:16,3.2.0,2009-07-08,4,3.0.0|3.0.1|3.1.0|3.1.1,3.1.0,2009-02-13,3.0.0,2008-10-27
ZOOKEEPER,12414990,ZOOKEEPER-318,2009-02-17T20:52:02,2009-03-06T00:45:04,3.2.0,2009-07-08,3,3.0.0|3.0.1|3.1.0,3.1.0,2009-02-13,3.0.0,2008-10-27
ZOOKEEPER,12414779,ZOOKEEPER-313,2009-02-13T22:20:11,2009-03-04T19:01:27,3.1.1,2009-03-27,2,3.0.0|3.0.1,3.1.0,2009-02-13,3.0.0,2008-10-27
ZOOKEEPER,12414518,ZOOKEEPER-309,2009-02-10T22:21:50,2009-03-12T00:49:32,3.2.0,2009-07-08,4,3.0.0|3.0.1|3.1.0|3.1.1,3.0.1,2008-12-04,3.0.0,2008-10-27
ZOOKEEPER,12414158,ZOOKEEPER-299,2009-02-05T23:22:28,2009-02-12T19:05:47,3.2.0,2009-07-08,4,3.0.0|3.0.1|3.1.0|3.1.1,3.0.1,2008-12-04,3.0.0,2008-10-27
ZOOKEEPER,12414028,ZOOKEEPER-291,2009-02-04T19:23:29,2009-02-04T20:01:27,3.1.0,2009-02-13,2,3.0.0|3.0.1,3.0.1,2008-12-04,3.0.0,2008-10-27
ZOOKEEPER,12413848,ZOOKEEPER-287,2009-02-03T05:26:24,2009-10-14T16:59:57,3.3.0,2010-03-25,1,3.0.1,3.0.1,2008-12-04,3.0.1,2008-12-04
ZOOKEEPER,12413772,ZOOKEEPER-285,2009-02-02T11:56:46,2009-02-02T22:46:38,3.1.0,2009-02-13,2,3.0.0|3.0.1,3.0.1,2008-12-04,3.0.0,2008-10-27
ZOOKEEPER,12413536,ZOOKEEPER-281,2009-01-29T14:44:23,2009-03-05T22:34:24,3.2.0,2009-07-08,2,3.0.1|3.1.1,3.0.1,2008-12-04,3.0.1,2008-12-04
ZOOKEEPER,12412495,ZOOKEEPER-275,2009-01-15T15:18,2009-01-29T23:11:41,3.1.0,2009-02-13,2,3.0.0|3.0.1,3.0.1,2008-12-04,3.0.0,2008-10-27
ZOOKEEPER,12412310,ZOOKEEPER-272,2009-01-13T18:15:32,2009-01-29T23:22:12,3.1.0,2009-02-13,2,3.0.0|3.0.1,3.0.1,2008-12-04,3.0.0,2008-10-27
ZOOKEEPER,12411872,ZOOKEEPER-268,2009-01-07T18:05:01,2009-01-26T19:28:37,3.1.0,2009-02-13,2,3.0.0|3.0.1,3.0.1,2008-12-04,3.0.0,2008-10-27
ZOOKEEPER,12411723,ZOOKEEPER-267,2009-01-05T22:56:46,2009-01-28T00:24:25,3.1.0,2009-02-13,2,3.0.0|3.0.1,3.0.1,2008-12-04,3.0.0,2008-10-27
ZOOKEEPER,12411715,ZOOKEEPER-266,2009-01-05T20:40:27,2009-01-08T21:22:25,3.1.0,2009-02-13,2,3.0.0|3.0.1,3.0.1,2008-12-04,3.0.0,2008-10-27
ZOOKEEPER,12410852,ZOOKEEPER-258,2008-12-16T22:50:09,2009-01-08T21:41:13,3.1.0,2009-02-13,2,3.0.0|3.0.1,3.0.1,2008-12-04,3.0.0,2008-10-27
ZOOKEEPER,12410751,ZOOKEEPER-257,2008-12-16T00:49,2009-01-07T00:22:53,3.1.0,2009-02-13,2,3.0.0|3.0.1,3.0.1,2008-12-04,3.0.0,2008-10-27
ZOOKEEPER,12410616,ZOOKEEPER-255,2008-12-12T23:18:21,2008-12-22T21:40:29,3.1.0,2009-02-13,2,3.0.0|3.0.1,3.0.1,2008-12-04,3.0.0,2008-10-27
ZOOKEEPER,12410611,ZOOKEEPER-254,2008-12-12T21:44:22,2009-01-22T22:39:13,3.1.0,2009-02-13,2,3.0.0|3.0.1,3.0.1,2008-12-04,3.0.0,2008-10-27
ZOOKEEPER,12410510,ZOOKEEPER-253,2008-12-11T18:45:28,2009-01-28T00:47:31,3.1.0,2009-02-13,2,3.0.0|3.0.1,3.0.1,2008-12-04,3.0.0,2008-10-27
ZOOKEEPER,12410411,ZOOKEEPER-252,2008-12-10T23:06:29,2009-01-31T01:19:11,3.1.0,2009-02-13,2,3.0.0|3.0.1,3.0.1,2008-12-04,3.0.0,2008-10-27
ZOOKEEPER,12410220,ZOOKEEPER-251,2008-12-08T21:29:01,2008-12-10T21:55:46,3.1.0,2009-02-13,2,3.0.0|3.0.1,3.0.1,2008-12-04,3.0.0,2008-10-27
ZOOKEEPER,12410210,ZOOKEEPER-250,2008-12-08T18:11:32,2008-12-11T21:17:21,3.1.0,2009-02-13,2,3.0.0|3.0.1,3.0.1,2008-12-04,3.0.0,2008-10-27
ZOOKEEPER,12410175,ZOOKEEPER-249,2008-12-08T09:10:31,2008-12-09T05:10:11,3.1.0,2009-02-13,2,3.0.0|3.0.1,3.0.1,2008-12-04,3.0.0,2008-10-27
ZOOKEEPER,12410095,ZOOKEEPER-247,2008-12-05T18:22:48,2008-12-10T00:42:29,3.1.0,2009-02-13,2,3.0.0|3.0.1,3.0.1,2008-12-04,3.0.0,2008-10-27
ZOOKEEPER,12410012,ZOOKEEPER-245,2008-12-04T21:08:20,2008-12-10T00:22:34,3.1.0,2009-02-13,1,3.0.1,3.0.1,2008-12-04,3.0.1,2008-12-04
ZOOKEEPER,12409568,ZOOKEEPER-242,2008-12-01T18:27:59,2008-12-05T18:25:02,3.1.0,2009-02-13,1,3.0.0,3.0.0,2008-10-27,3.0.0,2008-10-27
ZOOKEEPER,12409300,ZOOKEEPER-241,2008-11-26T19:50:08,2008-12-09T22:16:28,3.1.0,2009-02-13,2,3.0.0|3.0.1,3.0.0,2008-10-27,3.0.0,2008-10-27
ZOOKEEPER,12408767,ZOOKEEPER-228,2008-11-18T20:02:06,2008-11-18T20:13:48,3.1.0,2009-02-13,2,3.0.0|3.0.1,3.0.0,2008-10-27,3.0.0,2008-10-27
ZOOKEEPER,12408766,ZOOKEEPER-227,2008-11-18T19:50:16,2008-11-19T20:54:19,3.1.0,2009-02-13,2,3.0.0|3.0.1,3.0.0,2008-10-27,3.0.0,2008-10-27
ZOOKEEPER,12408763,ZOOKEEPER-226,2008-11-18T19:27:26,2008-11-18T23:46:52,3.1.0,2009-02-13,2,3.0.0|3.0.1,3.0.0,2008-10-27,3.0.0,2008-10-27
ZOOKEEPER,12408383,ZOOKEEPER-221,2008-11-12T23:21:29,2008-11-19T10:24:43,3.1.0,2009-02-13,2,3.0.0|3.0.1,3.0.0,2008-10-27,3.0.0,2008-10-27
ZOOKEEPER,12408294,ZOOKEEPER-219,2008-11-11T22:01:12,2008-11-18T00:13:06,3.1.0,2009-02-13,2,3.0.0|3.0.1,3.0.0,2008-10-27,3.0.0,2008-10-27
ZOOKEEPER,12408194,ZOOKEEPER-218,2008-11-10T22:24:08,2008-11-18T23:14:13,3.1.0,2009-02-13,2,3.0.0|3.0.1,3.0.0,2008-10-27,3.0.0,2008-10-27
ZOOKEEPER,12407390,ZOOKEEPER-213,2008-10-29T06:02:37,2008-11-17T23:51:11,3.1.0,2009-02-13,2,3.0.0|3.0.1,3.0.0,2008-10-27,3.0.0,2008-10-27
ZOOKEEPER,12407382,ZOOKEEPER-212,2008-10-28T21:54:57,2008-11-17T23:22:13,3.1.0,2009-02-13,2,3.0.0|3.0.1,3.0.0,2008-10-27,3.0.0,2008-10-27
ZOOKEEPER,12407323,ZOOKEEPER-209,2008-10-27T23:22,2008-11-18T17:25:27,3.1.0,2009-02-13,2,3.0.0|3.0.1,3.0.0,2008-10-27,3.0.0,2008-10-27
ZOOKEEPER,12407254,ZOOKEEPER-208,2008-10-27T05:31:11,2008-11-19T20:49:20,3.1.0,2009-02-13,2,3.0.0|3.0.1,3.0.0,2008-10-27,3.0.0,2008-10-27
